-- MySQL dump 10.13  Distrib 8.0.43, for Linux (x86_64)
--
-- Host: 127.0.0.1    Database: chamvan
-- ------------------------------------------------------
-- Server version	5.5.5-10.11.15-MariaDB-ubu2204

/*!40101 SET @OLD_CHARACTER_SET_CLIENT=@@CHARACTER_SET_CLIENT */;
/*!40101 SET @OLD_CHARACTER_SET_RESULTS=@@CHARACTER_SET_RESULTS */;
/*!40101 SET @OLD_COLLATION_CONNECTION=@@COLLATION_CONNECTION */;
/*!50503 SET NAMES utf8mb4 */;
/*!40103 SET @OLD_TIME_ZONE=@@TIME_ZONE */;
/*!40103 SET TIME_ZONE='+00:00' */;
/*!40014 SET @OLD_UNIQUE_CHECKS=@@UNIQUE_CHECKS, UNIQUE_CHECKS=0 */;
/*!40014 SET @OLD_FOREIGN_KEY_CHECKS=@@FOREIGN_KEY_CHECKS, FOREIGN_KEY_CHECKS=0 */;
/*!40101 SET @OLD_SQL_MODE=@@SQL_MODE, SQL_MODE='NO_AUTO_VALUE_ON_ZERO' */;
/*!40111 SET @OLD_SQL_NOTES=@@SQL_NOTES, SQL_NOTES=0 */;

--
-- Table structure for table `bug_reports`
--

DROP TABLE IF EXISTS `bug_reports`;
/*!40101 SET @saved_cs_client     = @@character_set_client */;
/*!50503 SET character_set_client = utf8mb4 */;
CREATE TABLE `bug_reports` (
  `id` int(11) NOT NULL AUTO_INCREMENT,
  `title` varchar(255) NOT NULL,
  `description` text NOT NULL,
  `status` varchar(20) NOT NULL DEFAULT 'open',
  `pageUrl` varchar(255) DEFAULT NULL,
  `userAgent` varchar(255) DEFAULT NULL,
  `userId` int(11) DEFAULT NULL,
  `userEmail` varchar(255) DEFAULT NULL,
  `createdAt` datetime(6) NOT NULL DEFAULT current_timestamp(6),
  `updatedAt` datetime(6) NOT NULL DEFAULT current_timestamp(6) ON UPDATE current_timestamp(6),
  PRIMARY KEY (`id`),
  KEY `IDX_bug_reports_title` (`title`)
) ENGINE=InnoDB AUTO_INCREMENT=5 DEFAULT CHARSET=utf8mb4 COLLATE=utf8mb4_unicode_ci;
/*!40101 SET character_set_client = @saved_cs_client */;

--
-- Dumping data for table `bug_reports`
--

LOCK TABLES `bug_reports` WRITE;
/*!40000 ALTER TABLE `bug_reports` DISABLE KEYS */;
INSERT INTO `bug_reports` VALUES (1,'Giỏ hàng không cập nhật','Thêm sản phẩm A trên iPhone 13 - Safari không vào cart.','open','http://localhost:3000/bao-cao-loi','PostmanRuntime/7.49.1',NULL,NULL,'2025-11-03 17:55:46.000000','2025-11-03 17:55:46.000000'),(2,'giỏ hàng','không có ảnh','open','http://localhost:3000/bao-cao-loi','Mozilla/5.0 (Macintosh; Intel Mac OS X 10_15_7) AppleWebKit/537.36 (KHTML, like Gecko) Chrome/141.0.0.0 Safari/537.36',NULL,'khachhang2@gmail.com','2025-11-03 17:59:58.000000','2025-11-03 17:59:58.000000'),(3,'không đăng nhập được','lỗi đăng nhập','open','http://localhost:3000/bao-cao-loi','Mozilla/5.0 (Macintosh; Intel Mac OS X 10_15_7) AppleWebKit/537.36 (KHTML, like Gecko) Chrome/141.0.0.0 Safari/537.36',NULL,NULL,'2025-11-03 18:00:46.000000','2025-11-03 18:00:46.000000'),(4,'web bi loi dang nhap','web bi loi dang nhap','open','http://localhost:3000/bao-cao-loi','Mozilla/5.0 (Macintosh; Intel Mac OS X 10_15_7) AppleWebKit/537.36 (KHTML, like Gecko) Chrome/141.0.0.0 Safari/537.36',NULL,'admin@gmail.com','2025-11-11 18:03:31.000000','2025-11-11 18:03:31.000000');
/*!40000 ALTER TABLE `bug_reports` ENABLE KEYS */;
UNLOCK TABLES;

--
-- Table structure for table `categories`
--

DROP TABLE IF EXISTS `categories`;
/*!40101 SET @saved_cs_client     = @@character_set_client */;
/*!50503 SET character_set_client = utf8mb4 */;
CREATE TABLE `categories` (
  `id` int(11) NOT NULL AUTO_INCREMENT,
  `slug` varchar(255) NOT NULL,
  `name` varchar(255) NOT NULL,
  `description` text DEFAULT NULL,
  `parent_id` int(11) DEFAULT NULL,
  `created_at` datetime(6) NOT NULL DEFAULT current_timestamp(6),
  `updated_at` datetime(6) NOT NULL DEFAULT current_timestamp(6) ON UPDATE current_timestamp(6),
  PRIMARY KEY (`id`),
  UNIQUE KEY `IDX_420d9f679d41281f282f5bc7d0` (`slug`)
) ENGINE=InnoDB AUTO_INCREMENT=8 DEFAULT CHARSET=utf8mb4 COLLATE=utf8mb4_unicode_ci;
/*!40101 SET character_set_client = @saved_cs_client */;

--
-- Dumping data for table `categories`
--

LOCK TABLES `categories` WRITE;
/*!40000 ALTER TABLE `categories` DISABLE KEYS */;
INSERT INTO `categories` VALUES (1,'hang-moi','Hàng mới','Các sản phẩm mới về',NULL,'2025-11-18 08:25:42.000000','2025-11-18 08:25:42.000000'),(2,'qua-tang','Quà tặng','Quà tặng ý nghĩa',NULL,'2025-11-18 08:25:42.000000','2025-11-18 08:25:42.000000'),(3,'trang-tri-nha','Trang trí nhà','Đồ trang trí nội thất',NULL,'2025-11-18 08:25:42.000000','2025-11-18 08:25:42.000000'),(4,'phong-tho','Phòng thờ','Đồ thờ cúng và tâm linh',3,'2025-11-18 08:25:57.000000','2025-11-18 08:25:57.000000'),(5,'phong-khach','Phòng khách','Trang trí phòng khách',3,'2025-11-18 08:25:57.000000','2025-11-18 08:25:57.000000'),(6,'phong-thuy','Phong thủy','Vật phẩm phong thủy',3,'2025-11-18 08:25:57.000000','2025-11-18 08:25:57.000000'),(7,'trung-bay','Trưng bày','Sản phẩm trưng bày nghệ thuật',3,'2025-11-18 08:25:57.000000','2025-11-18 08:25:57.000000');
/*!40000 ALTER TABLE `categories` ENABLE KEYS */;
UNLOCK TABLES;

--
-- Table structure for table `migrations`
--

DROP TABLE IF EXISTS `migrations`;
/*!40101 SET @saved_cs_client     = @@character_set_client */;
/*!50503 SET character_set_client = utf8mb4 */;
CREATE TABLE `migrations` (
  `id` int(11) NOT NULL AUTO_INCREMENT,
  `timestamp` bigint(20) NOT NULL,
  `name` varchar(255) NOT NULL,
  PRIMARY KEY (`id`)
) ENGINE=InnoDB AUTO_INCREMENT=2 DEFAULT CHARSET=utf8mb4 COLLATE=utf8mb4_unicode_ci;
/*!40101 SET character_set_client = @saved_cs_client */;

--
-- Dumping data for table `migrations`
--

LOCK TABLES `migrations` WRITE;
/*!40000 ALTER TABLE `migrations` DISABLE KEYS */;
INSERT INTO `migrations` VALUES (1,1761895037344,'Auto1761895037344');
/*!40000 ALTER TABLE `migrations` ENABLE KEYS */;
UNLOCK TABLES;

--
-- Table structure for table `order_items`
--

DROP TABLE IF EXISTS `order_items`;
/*!40101 SET @saved_cs_client     = @@character_set_client */;
/*!50503 SET character_set_client = utf8mb4 */;
CREATE TABLE `order_items` (
  `id` int(11) NOT NULL AUTO_INCREMENT,
  `productId` int(11) NOT NULL,
  `qty` int(11) NOT NULL,
  `unitPrice` decimal(12,0) NOT NULL,
  `lineTotal` decimal(12,0) NOT NULL,
  `orderId` int(11) DEFAULT NULL,
  PRIMARY KEY (`id`),
  KEY `FK_f1d359a55923bb45b057fbdab0d` (`orderId`),
  CONSTRAINT `FK_f1d359a55923bb45b057fbdab0d` FOREIGN KEY (`orderId`) REFERENCES `orders` (`id`) ON DELETE CASCADE ON UPDATE NO ACTION
) ENGINE=InnoDB AUTO_INCREMENT=9 DEFAULT CHARSET=utf8mb4 COLLATE=utf8mb4_unicode_ci;
/*!40101 SET character_set_client = @saved_cs_client */;

--
-- Dumping data for table `order_items`
--

LOCK TABLES `order_items` WRITE;
/*!40000 ALTER TABLE `order_items` DISABLE KEYS */;
INSERT INTO `order_items` VALUES (1,1,2,0,0,1),(2,3,1,0,0,1),(3,1,1,0,0,2),(4,1,4,0,0,3),(6,1,4,0,0,5),(7,1,1,13500000,13500000,6),(8,3,1,4500000,4500000,7);
/*!40000 ALTER TABLE `order_items` ENABLE KEYS */;
UNLOCK TABLES;

--
-- Table structure for table `orders`
--

DROP TABLE IF EXISTS `orders`;
/*!40101 SET @saved_cs_client     = @@character_set_client */;
/*!50503 SET character_set_client = utf8mb4 */;
CREATE TABLE `orders` (
  `id` int(11) NOT NULL AUTO_INCREMENT,
  `customerName` varchar(255) NOT NULL,
  `customerEmail` varchar(255) NOT NULL,
  `customerPhone` varchar(20) DEFAULT NULL,
  `customerDob` varchar(20) DEFAULT NULL,
  `shippingAddress` text DEFAULT NULL,
  `notes` text DEFAULT NULL,
  `subtotal` decimal(12,0) NOT NULL DEFAULT 0,
  `shippingFee` decimal(12,0) NOT NULL DEFAULT 0,
  `total` decimal(12,0) NOT NULL DEFAULT 0,
  `status` varchar(50) NOT NULL DEFAULT 'chờ duyệt',
  `eta` datetime DEFAULT NULL,
  `userId` int(11) DEFAULT NULL,
  `createdAt` datetime(6) NOT NULL DEFAULT current_timestamp(6),
  `updatedAt` datetime(6) NOT NULL DEFAULT current_timestamp(6) ON UPDATE current_timestamp(6),
  PRIMARY KEY (`id`)
) ENGINE=InnoDB AUTO_INCREMENT=8 DEFAULT CHARSET=utf8mb4 COLLATE=utf8mb4_unicode_ci;
/*!40101 SET character_set_client = @saved_cs_client */;

--
-- Dumping data for table `orders`
--

LOCK TABLES `orders` WRITE;
/*!40000 ALTER TABLE `orders` DISABLE KEYS */;
INSERT INTO `orders` VALUES (1,'Nguyen Van A','a@example.com','0900000000',NULL,'123 Nguyen Trai, Q1',NULL,0,0,0,'confirmed',NULL,NULL,'2025-11-03 11:52:40.021369','2025-11-03 11:53:31.000000'),(2,'Anh Đẹp Trai','guest@example.com','0988675443',NULL,'26 sơn la, Xã Má Lé, Huyện Đồng Văn, Tỉnh Hà Giang','Đóng gói cẩn thận giúp mình | Lên đơn ngay nhé',0,0,0,'chờ duyệt',NULL,NULL,'2025-11-03 12:17:58.472142','2025-11-03 12:17:58.472142'),(3,'Ấda ádasd','guest@example.com','08080898787',NULL,'2453, Phường Tứ Liên, Quận Tây Hồ, Thành phố Hà Nội','giao nhanh ok | Đóng gói cẩn thận giúp mình | Giao giờ hành chính',0,0,0,'chờ duyệt',NULL,NULL,'2025-11-03 15:10:10.898274','2025-11-03 15:10:10.898274'),(5,'âdsasad','khachhang2@gmail.com','089898989',NULL,'ádad, Xã Thượng Hà, Huyện Bảo Lạc, Tỉnh Cao Bằng','Đóng gói cẩn thận giúp mình | Lên đơn ngay nhé | Giao giờ hành chính',0,0,0,'đang chuẩn bị','2025-11-05 17:34:00',NULL,'2025-11-03 17:05:01.047135','2025-11-19 17:34:41.000000'),(6,'Nguyen Van A','admin@gmail.com','02342324243',NULL,'Ngo 901, Xã Đa Thông, Huyện Thông Nông, Tỉnh Cao Bằng','Giao vao buoi sang | Đóng gói cẩn thận giúp mình | Lên đơn ngay nhé | Giao giờ hành chính',13500000,0,13500000,'duyệt','2025-11-20 12:01:00',NULL,'2025-11-11 18:00:55.173875','2025-11-11 18:01:44.000000'),(7,'Nam trần','guest@example.com','009349539045',NULL,'xóm 1, Phường Hàng Buồm, Quận Hoàn Kiếm, Thành phố Hà Nội','Đóng gói cẩn thận giúp mình | Giao giờ hành chính',4500000,0,4500000,'chờ duyệt',NULL,NULL,'2025-11-19 17:35:28.464914','2025-11-19 17:35:28.464914');
/*!40000 ALTER TABLE `orders` ENABLE KEYS */;
UNLOCK TABLES;

--
-- Table structure for table `product_categories`
--

DROP TABLE IF EXISTS `product_categories`;
/*!40101 SET @saved_cs_client     = @@character_set_client */;
/*!50503 SET character_set_client = utf8mb4 */;
CREATE TABLE `product_categories` (
  `product_id` int(11) NOT NULL,
  `category_id` int(11) NOT NULL,
  PRIMARY KEY (`product_id`,`category_id`),
  KEY `IDX_8748b4a0e8de6d266f2bbc877f` (`product_id`),
  KEY `IDX_9148da8f26fc248e77a387e311` (`category_id`),
  CONSTRAINT `FK_8748b4a0e8de6d266f2bbc877f6` FOREIGN KEY (`product_id`) REFERENCES `products` (`id`) ON DELETE CASCADE ON UPDATE CASCADE,
  CONSTRAINT `FK_9148da8f26fc248e77a387e3112` FOREIGN KEY (`category_id`) REFERENCES `categories` (`id`) ON DELETE NO ACTION ON UPDATE NO ACTION
) ENGINE=InnoDB DEFAULT CHARSET=utf8mb4 COLLATE=utf8mb4_unicode_ci;
/*!40101 SET character_set_client = @saved_cs_client */;

--
-- Dumping data for table `product_categories`
--

LOCK TABLES `product_categories` WRITE;
/*!40000 ALTER TABLE `product_categories` DISABLE KEYS */;
INSERT INTO `product_categories` VALUES (11,1),(11,3),(11,4),(11,5),(11,6),(11,7),(12,3),(12,4),(12,5),(12,6),(12,7),(13,3),(13,4),(13,5),(13,6),(13,7),(14,3),(14,4),(14,5),(14,6),(14,7),(15,1),(15,2),(15,3),(15,4),(15,5),(15,6),(15,7),(16,1),(16,2),(16,3),(16,4),(16,5),(16,6),(16,7),(17,1),(17,2),(17,3),(17,5),(17,6),(17,7),(18,1),(18,2),(18,3),(18,5),(18,6),(18,7),(19,1),(19,2),(19,3),(19,4),(19,5),(19,6),(19,7),(20,1),(20,2),(20,3),(20,4),(20,5),(20,6),(20,7),(21,1),(21,2),(21,3),(21,5),(21,6),(21,7),(22,2),(22,3),(22,4),(22,5),(22,6),(22,7),(23,2),(23,3),(23,4),(23,5),(23,6),(23,7),(24,2),(24,3),(24,4),(24,5),(24,6),(24,7),(25,2),(25,3),(25,4),(25,5),(25,6),(25,7),(26,2),(26,3),(26,4),(26,5),(26,6),(26,7),(27,2),(27,3),(27,4),(27,5),(27,6),(27,7),(28,2),(28,3),(28,4),(28,5),(28,6),(28,7),(29,2),(29,3),(29,4),(29,5),(29,6),(29,7),(30,2),(30,3),(30,4),(30,5),(30,6),(30,7),(31,2),(31,3),(31,4),(31,5),(31,6),(31,7),(32,2),(32,3),(32,4),(32,5),(32,6),(32,7),(33,2),(33,3),(33,4),(33,5),(33,6),(33,7),(34,2),(34,3),(34,4),(34,5),(34,6),(34,7),(35,2),(35,3),(35,4),(35,5),(35,6),(35,7),(36,2),(36,3),(36,4),(36,5),(36,6),(36,7);
/*!40000 ALTER TABLE `product_categories` ENABLE KEYS */;
UNLOCK TABLES;

--
-- Table structure for table `product_colors`
--

DROP TABLE IF EXISTS `product_colors`;
/*!40101 SET @saved_cs_client     = @@character_set_client */;
/*!50503 SET character_set_client = utf8mb4 */;
CREATE TABLE `product_colors` (
  `id` int(11) NOT NULL AUTO_INCREMENT,
  `name` varchar(100) NOT NULL,
  `hex` varchar(16) DEFAULT NULL,
  `productId` int(11) NOT NULL,
  PRIMARY KEY (`id`),
  KEY `FK_66a3196a2a20a95674f00cf1ec3` (`productId`),
  CONSTRAINT `FK_66a3196a2a20a95674f00cf1ec3` FOREIGN KEY (`productId`) REFERENCES `products` (`id`) ON DELETE CASCADE ON UPDATE NO ACTION
) ENGINE=InnoDB AUTO_INCREMENT=38 DEFAULT CHARSET=utf8mb4 COLLATE=utf8mb4_unicode_ci;
/*!40101 SET character_set_client = @saved_cs_client */;

--
-- Dumping data for table `product_colors`
--

LOCK TABLES `product_colors` WRITE;
/*!40000 ALTER TABLE `product_colors` DISABLE KEYS */;
INSERT INTO `product_colors` VALUES (26,'Đen','',18),(27,'Xanh ngọc','',17),(28,'Xanh','',19),(29,'Đỏ Cam','',20),(30,'Đỏ','',28),(31,'Đen','',28),(32,'Nâu','',30),(36,'Nâu','',31),(37,'Nâu','',32);
/*!40000 ALTER TABLE `product_colors` ENABLE KEYS */;
UNLOCK TABLES;

--
-- Table structure for table `product_images`
--

DROP TABLE IF EXISTS `product_images`;
/*!40101 SET @saved_cs_client     = @@character_set_client */;
/*!50503 SET character_set_client = utf8mb4 */;
CREATE TABLE `product_images` (
  `id` int(11) NOT NULL AUTO_INCREMENT,
  `url` text NOT NULL,
  `productId` int(11) NOT NULL,
  PRIMARY KEY (`id`),
  KEY `FK_b367708bf720c8dd62fc6833161` (`productId`),
  CONSTRAINT `FK_b367708bf720c8dd62fc6833161` FOREIGN KEY (`productId`) REFERENCES `products` (`id`) ON DELETE CASCADE ON UPDATE NO ACTION
) ENGINE=InnoDB AUTO_INCREMENT=321 DEFAULT CHARSET=utf8mb4 COLLATE=utf8mb4_unicode_ci;
/*!40101 SET character_set_client = @saved_cs_client */;

--
-- Dumping data for table `product_images`
--

LOCK TABLES `product_images` WRITE;
/*!40000 ALTER TABLE `product_images` DISABLE KEYS */;
INSERT INTO `product_images` VALUES (154,'https://scontent.fhan17-1.fna.fbcdn.net/v/t39.30808-6/520171655_122187317498284018_1720213136573160651_n.jpg?_nc_cat=109&ccb=1-7&_nc_sid=833d8c&_nc_ohc=vqGJqEyWG18Q7kNvwH4GygJ&_nc_oc=AdlGpPhknWeRANvRxTE96o4lkWsXlrm9YW0GGuNpHXu08fenx0pFjYoHoyUi7jV2-dA&_nc_zt=23&_nc_ht=scontent.fhan17-1.fna&_nc_gid=IKtZ5yIsX_2YR_xPb9P7XA&oh=00_AfkoCYm45OlIZsVCMtFghVV2ShAkkw2J5sdHLdQHyXNQ2Q&oe=693EDC8F',12),(155,'https://scontent.fhan17-1.fna.fbcdn.net/v/t39.30808-6/518244911_122187317486284018_7382181451302153419_n.jpg?_nc_cat=111&ccb=1-7&_nc_sid=833d8c&_nc_ohc=5eBKmBJiMXoQ7kNvwEsAHcl&_nc_oc=Admf9vvshMvR0H9eq221VBIxlOZgPog2DBt2nWiq9ZRIBHkmnrZWQEdNJRPYsuOc0hc&_nc_zt=23&_nc_ht=scontent.fhan17-1.fna&_nc_gid=sNiyP_CCu68pVzGwA3-r5w&oh=00_Afnw_M77l4qHzPrdJalQ2KR9tbsNmBkhEjrfprL_6sHHfQ&oe=693ED7D2',12),(156,'https://scontent.fhan17-1.fna.fbcdn.net/v/t39.30808-6/518977222_122187317426284018_2646009722094446322_n.jpg?_nc_cat=111&ccb=1-7&_nc_sid=833d8c&_nc_ohc=jcg-vheiauQQ7kNvwFVCwTp&_nc_oc=AdmUdNIBIRaal1KyhVPcjiWDuNTpjWCzX7gJla51bEG-So8M8uDi7hXj6oTtJnojqYQ&_nc_zt=23&_nc_ht=scontent.fhan17-1.fna&_nc_gid=oJIdkAeM1uj3uNt648fa4g&oh=00_Afmte5DXS9vcFRxnt0MgZFklVZ8fm5g2nLPYtow7pXIEAQ&oe=693EFE37',12),(157,'https://scontent.fhan17-1.fna.fbcdn.net/v/t39.30808-6/510391320_122183399186284018_3259910709701805121_n.jpg?_nc_cat=106&ccb=1-7&_nc_sid=833d8c&_nc_ohc=F47D1bomNYAQ7kNvwGpJYRs&_nc_oc=Adm1xFa2cc3KL6D_euXlZndN1hDCy8_MFds4Ppu6FMLPBqC9x-7Ushu2PxcraXLZrSI&_nc_zt=23&_nc_ht=scontent.fhan17-1.fna&_nc_gid=8vHyEW1p_s_AevCFnD_ChA&oh=00_AfnuBcaWGry0WdtrniiXj5sH_Sw2axRG0MhWvt08UbaFiA&oe=693EF27F',12),(158,'https://scontent.fhan17-1.fna.fbcdn.net/v/t39.30808-6/510582730_122183399150284018_9103025971480395825_n.jpg?_nc_cat=102&ccb=1-7&_nc_sid=833d8c&_nc_ohc=QB0IhC-9VvcQ7kNvwGsiwZG&_nc_oc=Adlxc1swMpVZbBWJ_CaqVKKEKCLu4PxxVrpjJY4lX8RJyRQG28BM9nrtXMuPU7iu_RE&_nc_zt=23&_nc_ht=scontent.fhan17-1.fna&_nc_gid=AARA4inuutxRqeYLvO_UGw&oh=00_AflqiSiphSCvh4OEJAQVeYzM7nFfFkzP_eJCoj3RGgYUvw&oe=693EF4AC',12),(159,'https://scontent.fhan17-1.fna.fbcdn.net/v/t39.30808-6/511135093_122183399216284018_4110209887327033633_n.jpg?_nc_cat=101&ccb=1-7&_nc_sid=833d8c&_nc_ohc=Pdrih1cgk4MQ7kNvwGPHD6s&_nc_oc=Adl6AAhu51NJz8_a9PJQ9h0e83w7NpdaVleTIrGR2R7AMDx-op-MUlwbG2b2jHrC0Es&_nc_zt=23&_nc_ht=scontent.fhan17-1.fna&_nc_gid=y7tv58EtX6VI0MBte1eqOw&oh=00_AfmwXzP-gObmnANWWLy3crBAm-__f8j_gbKd38SclRlzoA&oe=693EF9EA',12),(160,'https://scontent.fhan17-1.fna.fbcdn.net/v/t39.30808-6/510994033_122183342360284018_4454348872832967866_n.jpg?_nc_cat=102&ccb=1-7&_nc_sid=127cfc&_nc_ohc=upGZ_mTVuYcQ7kNvwHj9e9V&_nc_oc=AdkK2lbsDunC5d_6h_cpyk9IS2uFf36ev4McDKeqAVTQ8DwX8i7eIA5DsYm3U0q48OM&_nc_zt=23&_nc_ht=scontent.fhan17-1.fna&_nc_gid=ZY8VvYQhNh6zmxo7A4hgQQ&oh=00_AflyYAO-ue2LCl-0OSUGug6FdUCvE_UY4NQtrW66XwkFuQ&oe=693F045E',13),(161,'https://scontent.fhan17-1.fna.fbcdn.net/v/t39.30808-6/513054381_122183398724284018_4615478601976840512_n.jpg?_nc_cat=110&ccb=1-7&_nc_sid=833d8c&_nc_ohc=HpEWjSDAanoQ7kNvwHBdX4-&_nc_oc=AdllGcTkthXJldIEtMlZ3RgVsPfIj7v7SnwtVOclBgsWaLrsPcA6mC3TvvG3JHPX7ZY&_nc_zt=23&_nc_ht=scontent.fhan17-1.fna&_nc_gid=Dst6Wl0MRWAncLI8zIJvSw&oh=00_AflBcxFkDGvkiPSpPrX8teXuEB1GbCxtDof_7Tb7RN-LJA&oe=693F02F7',13),(162,'https://scontent.fhan17-1.fna.fbcdn.net/v/t39.30808-6/510237741_122183399198284018_3490881886878249507_n.jpg?_nc_cat=110&ccb=1-7&_nc_sid=833d8c&_nc_ohc=Wfrvdemr0fEQ7kNvwE2U4F8&_nc_oc=Adk46nxtmzj7BLJlbDu6zOe8Uaod4ydlGgzbT4VaHke49YSU7AoWXysknFKhPtg_lQQ&_nc_zt=23&_nc_ht=scontent.fhan17-1.fna&_nc_gid=xs7WVGNDIbyxmqkFNNbehQ&oh=00_Afn4y4-AMf7N873W3MDqJ5YpWCXM2Ztprv6nnFdmEwcTbg&oe=693ED11A',13),(163,'https://scontent.fhan17-1.fna.fbcdn.net/v/t39.30808-6/492424736_122174241146284018_8873876483924844018_n.jpg?_nc_cat=104&ccb=1-7&_nc_sid=127cfc&_nc_ohc=J2arwtwxJI0Q7kNvwGeRHm7&_nc_oc=AdnLwdSdWmgv6y0voOf1y2NTJE5YQa3PTWEg9b0f-MtPwDO4Gf0Gdf8swMRA6AP7oFI&_nc_zt=23&_nc_ht=scontent.fhan17-1.fna&_nc_gid=-2AebTBDwyNQ7gbM8RhdUA&oh=00_AfmKLkRR7nHB5hSjT3LbXqV2bGm5q7LT3EW6-54zzVXRMw&oe=693EE2E2',14),(164,'https://scontent.fhan17-1.fna.fbcdn.net/v/t39.30808-6/469477417_122153490008284018_2259467064409844949_n.jpg?_nc_cat=104&ccb=1-7&_nc_sid=127cfc&_nc_ohc=HPluowDfG3AQ7kNvwEGtzSR&_nc_oc=AdlHibtYBJTxQUX-Rw663GHlMeLCOtGisnqYNiJ7v7v_PkTlHTRuFrJ8bZMO9lxtKEk&_nc_zt=23&_nc_ht=scontent.fhan17-1.fna&_nc_gid=oMZJyopqNUfA3k9vb65eXA&oh=00_AfmeuDfKBPZ9gHGCN-603UrB7fAylvdtSVVwvOGKpvFt8Q&oe=693ED349',14),(165,'https://scontent.fhan17-1.fna.fbcdn.net/v/t39.30808-6/469470416_122153490182284018_4762050038094742785_n.jpg?_nc_cat=103&ccb=1-7&_nc_sid=127cfc&_nc_ohc=2jRSe_rKtcYQ7kNvwEL1uSp&_nc_oc=AdmlD-aSuxXEWBQuzdDHx1SfNmwvThrGsZIY9_twWGNjE45Z8GRMzDDhUFQ5ltSLHRI&_nc_zt=23&_nc_ht=scontent.fhan17-1.fna&_nc_gid=cKmDR0qVUFvvcyq6nNi2HA&oh=00_Afml79Z2AMcIVbb7t24pblNVNMeAlLIEvsv_r8d5kN0BLg&oe=693EDB7A',14),(166,'https://scontent.fhan17-1.fna.fbcdn.net/v/t39.30808-6/469616056_122153490170284018_1948048789395856108_n.jpg?_nc_cat=107&ccb=1-7&_nc_sid=127cfc&_nc_ohc=x2wO5epugHAQ7kNvwGFltd7&_nc_oc=AdmSzNecJ2Gg3gCw0fMMUbjw6Tla71Rhwu9t_htQHhqqAyuSNbEPBxCEzyXxlkIICs0&_nc_zt=23&_nc_ht=scontent.fhan17-1.fna&_nc_gid=jX1BOkqhp_qfyLhJgQz2tA&oh=00_AflWQd5g8CaFj-aMN8Or_u6OaeFJoscI_8FjnqOc5xN0PA&oe=693ECFF5',14),(167,'https://scontent.fhan17-1.fna.fbcdn.net/v/t39.30808-6/499474263_122178827138284018_3808974048099450496_n.jpg?_nc_cat=110&ccb=1-7&_nc_sid=833d8c&_nc_ohc=EmL1wCr8XIQQ7kNvwFOgF29&_nc_oc=AdnPspB15LKQRYJ2XKb3ANL4NlBZAYfajRe_XT3CAnUe0k76PBTR_iEifzF5a2ShEAE&_nc_zt=23&_nc_ht=scontent.fhan17-1.fna&_nc_gid=H3tCJx0qyFua2CDaypU6GQ&oh=00_AfnP-TD2nAAKfkF8yVyy_q4Z2x57fj0gXy5_vW1TFG9Qig&oe=693EE1F5',15),(168,'https://scontent.fhan17-1.fna.fbcdn.net/v/t39.30808-6/500201193_122178803198284018_4244687563798553754_n.jpg?_nc_cat=102&ccb=1-7&_nc_sid=833d8c&_nc_ohc=ILxg44h4WOEQ7kNvwFau8G1&_nc_oc=AdmsXYKyAhLk6qe_qg2JozstCBg6SBzPt7VTH1vD2uNkC95HVEZEf40jpY3T4Z9Rn4I&_nc_zt=23&_nc_ht=scontent.fhan17-1.fna&_nc_gid=nMUuvECe2jkfXjkYbB4SEQ&oh=00_AflpZyFlbDyyjNGgBD7ODndAhKREv64rtmahlttlJzlNyw&oe=693ED92F',15),(169,'https://scontent.fhan17-1.fna.fbcdn.net/v/t39.30808-6/498713388_122178803282284018_7465704673401870754_n.jpg?_nc_cat=106&ccb=1-7&_nc_sid=833d8c&_nc_ohc=wOrwUT1_PnQQ7kNvwExtCif&_nc_oc=AdlUTQ1rbrKG8QF8DW-IamKF8JbgEXopNgbbfAs0BJ7awXa3T6Su0YzovOTmukBPgd4&_nc_zt=23&_nc_ht=scontent.fhan17-1.fna&_nc_gid=c-r2Sljr0NJWqISM2dr9xg&oh=00_AfmSEt7ieUah4SPYKpNrtQhWaGjXFSiwv_gB9CsL8SazLA&oe=693EF764',15),(170,'https://scontent.fhan17-1.fna.fbcdn.net/v/t39.30808-6/498584716_122178803342284018_6250125885079136206_n.jpg?_nc_cat=106&ccb=1-7&_nc_sid=833d8c&_nc_ohc=guNWG778NAMQ7kNvwF64W78&_nc_oc=AdlvyA5ixUM-9c73M1Fz0yApIr4wEFS710Ldom9sSPAXyA_hc2OOHfimWdqvQ2pGkaA&_nc_zt=23&_nc_ht=scontent.fhan17-1.fna&_nc_gid=KlWpXAECnSi1PXyuNMtCvA&oh=00_AfkkhAvL5dUS0lABNUO54cFuPUlPwjafpv5jfrxlOOaWQA&oe=693EFE7F',15),(171,'https://scontent.fhan17-1.fna.fbcdn.net/v/t39.30808-6/500094199_122178803360284018_1551675668444344798_n.jpg?_nc_cat=111&ccb=1-7&_nc_sid=833d8c&_nc_ohc=Db_-VIe6180Q7kNvwEM2u0F&_nc_oc=AdmWPx-zuBMER0WgU_kGABgJgnwyP2KD1DBCeG-AjINWgrmrXLEF7jUlQfc4ak9pIag&_nc_zt=23&_nc_ht=scontent.fhan17-1.fna&_nc_gid=RodafeKEq8aBecnls3Xx4g&oh=00_Afn9VaODANBPSby4-ePNzIsM2XK1RVms1OzjLZmzobDz7w&oe=693F0050',15),(172,'https://scontent.fhan17-1.fna.fbcdn.net/v/t39.30808-6/498601178_122178803252284018_4397685593868715528_n.jpg?_nc_cat=110&ccb=1-7&_nc_sid=833d8c&_nc_ohc=8DNdecoGoCsQ7kNvwE2irEA&_nc_oc=AdntvwzjTC18l0a4T4abwF928fet62EpO_8pczDV4HTV6qYpXQ3isgWXYIBqESK4Z1Q&_nc_zt=23&_nc_ht=scontent.fhan17-1.fna&_nc_gid=ysApYmYxTwoMAVFgF4Xq7w&oh=00_AflVTIDZaeUBdqK91c4LQN1L4jhokaSNqDL3wBuohl8_gw&oe=693ED89B',15),(173,'https://scontent.fhan17-1.fna.fbcdn.net/v/t39.30808-6/511144581_122183399126284018_8396292918662294617_n.jpg?_nc_cat=105&ccb=1-7&_nc_sid=833d8c&_nc_ohc=eCbxZYW4LugQ7kNvwFtwJCg&_nc_oc=AdkfyXc6UmfaHu5bHDDiPwWW-qdU87-eAJzSR6ENgNL-m7o5iUaKlWrRSap69F9Vkb8&_nc_zt=23&_nc_ht=scontent.fhan17-1.fna&_nc_gid=nzxa6bkPdVcXLul855dWUw&oh=00_AfmSKfRHko9GH9xJ19KXYT4bntqbJzfQRYvVldPPdFE38w&oe=693EFA38',11),(174,'https://scontent.fhan17-1.fna.fbcdn.net/v/t39.30808-6/513054381_122183398724284018_4615478601976840512_n.jpg?_nc_cat=110&ccb=1-7&_nc_sid=833d8c&_nc_ohc=HpEWjSDAanoQ7kNvwHBdX4-&_nc_oc=AdllGcTkthXJldIEtMlZ3RgVsPfIj7v7SnwtVOclBgsWaLrsPcA6mC3TvvG3JHPX7ZY&_nc_zt=23&_nc_ht=scontent.fhan17-1.fna&_nc_gid=UuOC1MUsqGDWPGTWzpkAWQ&oh=00_AfmfH6RRAL3uRb0CJ6-ilAltcFRSr2XulGF6LFVbU4hnaw&oe=693ECAB7',11),(175,'https://scontent.fhan17-1.fna.fbcdn.net/v/t39.30808-6/510237741_122183399198284018_3490881886878249507_n.jpg?_nc_cat=110&ccb=1-7&_nc_sid=833d8c&_nc_ohc=Wfrvdemr0fEQ7kNvwE2U4F8&_nc_oc=Adk46nxtmzj7BLJlbDu6zOe8Uaod4ydlGgzbT4VaHke49YSU7AoWXysknFKhPtg_lQQ&_nc_zt=23&_nc_ht=scontent.fhan17-1.fna&_nc_gid=qjK5ZsxTxNCiCBOTM_4Vag&oh=00_AfkbSpu9w7B6oqS4zx4zRDHaa2TOi0--bPJo1AnkZSHi6w&oe=693ED11A',11),(176,'https://scontent.fhan17-1.fna.fbcdn.net/v/t39.30808-6/510391320_122183399186284018_3259910709701805121_n.jpg?_nc_cat=106&ccb=1-7&_nc_sid=833d8c&_nc_ohc=F47D1bomNYAQ7kNvwGpJYRs&_nc_oc=Adm1xFa2cc3KL6D_euXlZndN1hDCy8_MFds4Ppu6FMLPBqC9x-7Ushu2PxcraXLZrSI&_nc_zt=23&_nc_ht=scontent.fhan17-1.fna&_nc_gid=2w_N_c20gS6HqoigGlxpag&oh=00_Afn1jYtMmof6kp_w6hsYc4Ao0k5OwZpvFOaElP1zWA3-kA&oe=693EF27F',11),(177,'https://scontent.fhan17-1.fna.fbcdn.net/v/t39.30808-6/511135093_122183399216284018_4110209887327033633_n.jpg?_nc_cat=101&ccb=1-7&_nc_sid=833d8c&_nc_ohc=Pdrih1cgk4MQ7kNvwGPHD6s&_nc_oc=Adl6AAhu51NJz8_a9PJQ9h0e83w7NpdaVleTIrGR2R7AMDx-op-MUlwbG2b2jHrC0Es&_nc_zt=23&_nc_ht=scontent.fhan17-1.fna&_nc_gid=PX5sJy32DI4pEQ5_AIBmQQ&oh=00_AfnhuWFLRcxm8LGxTx4cNa7EYIgrGl6hW65O3UvKlcENJg&oe=693EF9EA',11),(178,'https://scontent.fhan17-1.fna.fbcdn.net/v/t39.30808-6/510582730_122183399150284018_9103025971480395825_n.jpg?_nc_cat=102&ccb=1-7&_nc_sid=833d8c&_nc_ohc=QB0IhC-9VvcQ7kNvwGsiwZG&_nc_oc=Adlxc1swMpVZbBWJ_CaqVKKEKCLu4PxxVrpjJY4lX8RJyRQG28BM9nrtXMuPU7iu_RE&_nc_zt=23&_nc_ht=scontent.fhan17-1.fna&_nc_gid=2s3XHtk7MVU8V2XLFgXEtw&oh=00_AfkywGj0Z8ClpHY53cGfo5BGIdjtjjvxBGbe5VHYM0sywg&oe=693EF4AC',11),(179,'https://scontent.fhan17-1.fna.fbcdn.net/v/t39.30808-6/512858992_122183399096284018_1448690062427777494_n.jpg?_nc_cat=102&ccb=1-7&_nc_sid=833d8c&_nc_ohc=Cx2iJAB3rOEQ7kNvwG7cWuH&_nc_oc=AdlEZUOH_Q5NnSLQsi7-Tf-72nNtfj8OY6FevjhlppWLX7lRJTcuSqFzOLqrIKt0iaw&_nc_zt=23&_nc_ht=scontent.fhan17-1.fna&_nc_gid=l643nGiajzJYNMi9zC9lJQ&oh=00_AfkLWStMokM5pqtQPSWmKRaZxwI1fcih7kRevLzEzaRdNA&oe=693ECAE2',11),(180,'https://scontent.fhan17-1.fna.fbcdn.net/v/t39.30808-6/511316390_122183398652284018_982590648384748332_n.jpg?_nc_cat=109&ccb=1-7&_nc_sid=833d8c&_nc_ohc=45IGA7fY-6IQ7kNvwFeHO69&_nc_oc=AdktswuIpbgQY09ZVRQegzF1zu9geqm7gEL0nzwTwOiNgqa4An6Iyr6LG5y2hSTYZF0&_nc_zt=23&_nc_ht=scontent.fhan17-1.fna&_nc_gid=RsMAwFKIr6oKKpRHjozU9Q&oh=00_AfnXlo-2OuerFsorqqTfkaZhks_ZrLBqao5uyrIGJIC21A&oe=693EF185',11),(181,'https://scontent.fhan17-1.fna.fbcdn.net/v/t39.30808-6/497459505_122177615234284018_6309761953188986597_n.jpg?_nc_cat=111&ccb=1-7&_nc_sid=833d8c&_nc_ohc=XJoE3YCraMEQ7kNvwELktaW&_nc_oc=Adm346Rf4KCjMbxBnWsnUKx1pr17IBChCkGZztkg7RKwPcoc56Ns_QAf5uO4RCeGzIU&_nc_zt=23&_nc_ht=scontent.fhan17-1.fna&_nc_gid=XT5nLhlV0paBPnEPQEY8xw&oh=00_Afm3nsMKzyPgV1Vsp4hYMwNLOz_n3Zf3-xK6MEtHoh8-3Q&oe=693EF305',16),(182,'https://scontent.fhan17-1.fna.fbcdn.net/v/t39.30808-6/497686227_122177598362284018_1665885312442650630_n.jpg?_nc_cat=100&ccb=1-7&_nc_sid=833d8c&_nc_ohc=KWJb9oHlouMQ7kNvwHzo2gP&_nc_oc=AdkrVe_AxBXRpeDl1umajMkdPDW4w6zM0EGdr9e4Z6rx3Td93JP-TIhgdiXQ3C0kNlg&_nc_zt=23&_nc_ht=scontent.fhan17-1.fna&_nc_gid=rJiZmQtgTPzcnDcMVVuwjw&oh=00_AfmQsilq-zazFtMwybF53fg_ScoZOyb2M-5TR-ayXrWigg&oe=693EF91E',16),(183,'https://scontent.fhan17-1.fna.fbcdn.net/v/t39.30808-6/497916193_122177615282284018_2904974480475639224_n.jpg?stp=cp6_dst-jpg_tt6&_nc_cat=103&ccb=1-7&_nc_sid=833d8c&_nc_ohc=zQQe0q_yTqcQ7kNvwG0e-hH&_nc_oc=AdnANF7IUf3EAI3Y9Cgx8OM09unZDkThjsDenCAIHCsmaqHXIsEJpq0estoDm2ezvcw&_nc_zt=23&_nc_ht=scontent.fhan17-1.fna&_nc_gid=sZy4ltIBqkiPqE6sxUa3nw&oh=00_AfkzF1Zjl8YGbsDRrJxEM45YNHZlu3uFzV0xBcYk3ZgKEQ&oe=693EF548',16),(184,'https://scontent.fhan17-1.fna.fbcdn.net/v/t39.30808-6/497704856_122177615246284018_5554919650651308777_n.jpg?_nc_cat=110&ccb=1-7&_nc_sid=833d8c&_nc_ohc=9I37yqu5SiYQ7kNvwHvn4pH&_nc_oc=AdnoyEFWJM83HmkYOBHiNn6FbUrPdM0yGRse6ws00s53J9kcW03haI1rk2O9yslbk0A&_nc_zt=23&_nc_ht=scontent.fhan17-1.fna&_nc_gid=JknIC5Qqjfox4aV5uJ8Mpg&oh=00_Afm_w7w4gklsyrWmqM0su-z5DWy9IRayZ7f5ekBDNKElNA&oe=693EEE9B',16),(185,'https://scontent.fhan17-1.fna.fbcdn.net/v/t39.30808-6/497456494_122177615264284018_3023461981619747826_n.jpg?_nc_cat=101&ccb=1-7&_nc_sid=833d8c&_nc_ohc=jt5TedowXOMQ7kNvwFLrcYX&_nc_oc=Adliy1qHsvTUchdPYVbkPM7nfk_ofJLavcky7yiV8F9arM60W7qgw6SyazcAxLWuaLs&_nc_zt=23&_nc_ht=scontent.fhan17-1.fna&_nc_gid=WoBugo-tx7CCONpNZMVCQg&oh=00_Afm9hupMx-nkSLBKLry588pjqiVO13ggYMfJ2cOF5xO4KQ&oe=693EF7E5',16),(186,'https://scontent.fhan17-1.fna.fbcdn.net/v/t39.30808-6/497452028_122177615438284018_1632855526699574748_n.jpg?_nc_cat=109&ccb=1-7&_nc_sid=833d8c&_nc_ohc=2AFdsrorSQQQ7kNvwEUHcH5&_nc_oc=Adm1nMKHXc4xsDGrUBRcNDv-1O-FRiHtBm5rZgVtDGodsaHu-gEHXkOUQhu2fgCNv2I&_nc_zt=23&_nc_ht=scontent.fhan17-1.fna&_nc_gid=CkqzHDCnCQ9WLg55y9mhVw&oh=00_AfnSSSxSYab2Nn9D7obPnQC7PK3XavJnpIg3TixjAV9pww&oe=693ED67C',16),(187,'https://scontent.fhan17-1.fna.fbcdn.net/v/t39.30808-6/498033355_122177598290284018_6009156025521526017_n.jpg?_nc_cat=104&ccb=1-7&_nc_sid=833d8c&_nc_ohc=Ub_TQk-VfLEQ7kNvwF8xD_4&_nc_oc=Adn-mBFAvi6yPfKXYrXTylFSNHY25Qj2LTKZtHBWMw2_hkLj0tgIpmykAzozTfUESrc&_nc_zt=23&_nc_ht=scontent.fhan17-1.fna&_nc_gid=NWbWB6oSOlhNNGz5YmBpTw&oh=00_AfmOCJLnP3UQ2tdxU1egMktr7ZD0bLvm1GS_untF0haq7w&oe=693EF0C2',16),(198,'https://scontent.fhan17-1.fna.fbcdn.net/v/t39.30808-6/515400737_122185100654284018_3289957891669091112_n.jpg?_nc_cat=105&ccb=1-7&_nc_sid=833d8c&_nc_ohc=OoBuQ1yIz7IQ7kNvwFLqE_t&_nc_oc=AdlznedZgpb5BDcJCGTkEmzK2YechGnn8_O1XvtAtW1c_l9q7BJX2J09JRB2IGo4fJw&_nc_zt=23&_nc_ht=scontent.fhan17-1.fna&_nc_gid=YKtAkqdpmMkOBAcbgvTFuw&oh=00_AfncAkgnwfpGd6_6oVvj9g7QkxLtr74WqVOQbFmDyTqvUw&oe=693F0B13',18),(199,'https://scontent.fhan17-1.fna.fbcdn.net/v/t39.30808-6/515315386_122185100624284018_2371138822942124426_n.jpg?_nc_cat=104&ccb=1-7&_nc_sid=833d8c&_nc_ohc=o3khDZcTVy8Q7kNvwFo6-D5&_nc_oc=Adn6jom5VR__OJNC8ojgOtOAhtUasZAf_U-upajO_jiL-pLQBkKvAmVVGgKAP9o-EeM&_nc_zt=23&_nc_ht=scontent.fhan17-1.fna&_nc_gid=HJcEwD-Gm331N-MSjUVn9Q&oh=00_AfleUYRHyiE1LSqe3RFkCr5fsr5Lwv3mHKJ2sPPVvPX3dg&oe=693EDCC7',18),(200,'https://scontent.fhan17-1.fna.fbcdn.net/v/t39.30808-6/516017582_122185100606284018_1325112244371628556_n.jpg?_nc_cat=110&ccb=1-7&_nc_sid=833d8c&_nc_ohc=hKdiJO2NjP8Q7kNvwFfgA4X&_nc_oc=AdlHNLvXtX0rbRtXiLhtvyIGVXFfFg1GzVFMFTeToQrC6ODDodZCivhRMYLySLU2kw8&_nc_zt=23&_nc_ht=scontent.fhan17-1.fna&_nc_gid=MRNW5Umcet_gRF9R7a30sQ&oh=00_AflHrwomOINTH_yrfNiX5fhsfBPGtWA0-C8lFKutxVWk_A&oe=693F055B',18),(201,'https://scontent.fhan17-1.fna.fbcdn.net/v/t39.30808-6/515665815_122185100564284018_2444795903932412154_n.jpg?_nc_cat=104&ccb=1-7&_nc_sid=833d8c&_nc_ohc=_aAVtc6KVhQQ7kNvwGTtIOw&_nc_oc=Adm7a6kUdAIL7j26ZwMaW9GSGR5nD1suh6BdsIZurbZFrL6aEq81HGuY6P2d-D4YO3s&_nc_zt=23&_nc_ht=scontent.fhan17-1.fna&_nc_gid=Mhl_IUZVybW4stIYx2XtUg&oh=00_AfmbSyoAeKLbv1k60FY31sZFqo_j8YNtobRLdBpdxAK4aw&oe=693F02E4',18),(202,'https://scontent.fhan17-1.fna.fbcdn.net/v/t39.30808-6/535002575_122191554992284018_1291866883552161020_n.jpg?_nc_cat=107&ccb=1-7&_nc_sid=833d8c&_nc_ohc=WcQ_w7kMpKUQ7kNvwH7CWwu&_nc_oc=AdnMg8jhFWvdhE6xJ-LGr2jnrdrbLueHhwSLPu0MH-QjtL-Ekg_Hv56vODISzqoUMeM&_nc_zt=23&_nc_ht=scontent.fhan17-1.fna&_nc_gid=oEC8M5F5kb8RITzyBKCsEg&oh=00_AflJXq1NeSTC-3Fg2kWgIMplh_UZ53RtNBiM7oX6qg40uw&oe=693EF156',17),(203,'https://scontent.fhan17-1.fna.fbcdn.net/v/t39.30808-6/535477106_122191554968284018_7067950569576786889_n.jpg?_nc_cat=107&ccb=1-7&_nc_sid=833d8c&_nc_ohc=qSQqk7gZM2gQ7kNvwFQBSkV&_nc_oc=Adl1xXzWevYIMB_jrIusCCu6OXLX3pZzmFsXUMc1hdORTFP2NK4jbujHAVF4H0JeeK0&_nc_zt=23&_nc_ht=scontent.fhan17-1.fna&_nc_gid=ekxrT_ppKTYchKRKSirJHQ&oh=00_AfnUP0r9oD7tc12pFYVTkG_Gf8sCabRDu5EQBQ_b2vV6Ig&oe=693F02F2',17),(204,'https://scontent.fhan17-1.fna.fbcdn.net/v/t39.30808-6/533116297_122191554956284018_3170247462757912898_n.jpg?_nc_cat=104&ccb=1-7&_nc_sid=833d8c&_nc_ohc=15eqWK4z8mkQ7kNvwGq93tb&_nc_oc=AdkuzMTv_-V9HlCye06f8LY5As4wnn-E9GXf3EyPnvYMBxhOHTX4JnDqG_RFhwFn7iQ&_nc_zt=23&_nc_ht=scontent.fhan17-1.fna&_nc_gid=hIu8co9vZOylFEbSmL4F0w&oh=00_AflRNSy5XYmzvABRaOnOP7sdrhA1b1ILvc05IwaB7RhA8A&oe=693EDF5C',17),(205,'https://scontent.fhan17-1.fna.fbcdn.net/v/t39.30808-6/535006062_122191554920284018_4046336040819072293_n.jpg?_nc_cat=102&ccb=1-7&_nc_sid=833d8c&_nc_ohc=seVYge9Ls5cQ7kNvwFd_7Qw&_nc_oc=Adlq1MMehEJTX0x3Enj6YMPtcFoIzs-qS2i0LvabQS6pK7pgLb1Qrg21vvkp6cw1s2g&_nc_zt=23&_nc_ht=scontent.fhan17-1.fna&_nc_gid=GElUZ9dHbIL1mzIflTxtwQ&oh=00_AfmP9uuj3OvsHXiO9Kt0bSNnprsSsdGspdlggeMQzIoPfA&oe=693F030E',17),(206,'https://scontent.fhan17-1.fna.fbcdn.net/v/t39.30808-6/534623792_122191554932284018_6996336905630757455_n.jpg?_nc_cat=109&ccb=1-7&_nc_sid=833d8c&_nc_ohc=l6TmcbDkqe0Q7kNvwGMbCGy&_nc_oc=Adk_8IwOJaWxMRinJbylVY4jRZmwC10dw4BMhfP8nC00qUH3xtos_NJRysN8jp--aoU&_nc_zt=23&_nc_ht=scontent.fhan17-1.fna&_nc_gid=uNEALb9kC6wDWpiJ2lCIbg&oh=00_Afl5s5lNp76icSm_eG0f95rQeBOJNnkdAr3cIpyoODatgg&oe=693ED457',17),(207,'https://scontent.fhan17-1.fna.fbcdn.net/v/t39.30808-6/533447689_122191554980284018_832872427949247950_n.jpg?_nc_cat=102&ccb=1-7&_nc_sid=833d8c&_nc_ohc=xMMdE9LI_OYQ7kNvwEbiucf&_nc_oc=Adn5KQeMX5Aenl1sfyiJzp7A2Tko8WTtfTDXsZsK1nwN_2az_qvPA2jKSzGxmt-yQyA&_nc_zt=23&_nc_ht=scontent.fhan17-1.fna&_nc_gid=CCvmJMSeGaNa8oUjBxYxDQ&oh=00_AfnXWcRjPrwrV-YT_pI1pwwAX241lUoPHxsUF1KxSJJ4eg&oe=693EE877',17),(208,'https://scontent.fhan17-1.fna.fbcdn.net/v/t39.30808-6/532591560_122191557656284018_2900684475026621404_n.jpg?_nc_cat=100&ccb=1-7&_nc_sid=833d8c&_nc_ohc=kwk_9HUU-rQQ7kNvwHQoLU8&_nc_oc=Adnr9X6P9dFVq1QDmtQzC9UAJfHJrS6NaeoEly4Gcagwl1Dv2D4fwuHZ1ph4R0sMehg&_nc_zt=23&_nc_ht=scontent.fhan17-1.fna&_nc_gid=8tOMIVz10D4F-LOalBN9yQ&oh=00_Afle3jmNH7UdlSHY-Y6-fYTHXdXw4HBqy_uZtMe1Qzhw4A&oe=693EF4A8',19),(209,'https://scontent.fhan17-1.fna.fbcdn.net/v/t39.30808-6/534708976_122191557608284018_5283490337170659646_n.jpg?_nc_cat=106&ccb=1-7&_nc_sid=833d8c&_nc_ohc=LArCwi2vmjwQ7kNvwEe1BdJ&_nc_oc=AdmCpVxAzRcMo0EGsTjX6IrAGsvHIE6wDKvG_rxwzcMgdHKi9DBmNF9_Yy-12zoXM2U&_nc_zt=23&_nc_ht=scontent.fhan17-1.fna&_nc_gid=VQM3r9ezy_t4GJx9hhzb7g&oh=00_AfnPnJolh83vJqE0uM1wnBK3ME-SPNtDSQz21laBUyhAgQ&oe=693F01ED',19),(210,'https://scontent.fhan17-1.fna.fbcdn.net/v/t39.30808-6/534569080_122191557800284018_8249661945259581636_n.jpg?_nc_cat=106&ccb=1-7&_nc_sid=833d8c&_nc_ohc=rwrlVluipCgQ7kNvwFduNHB&_nc_oc=AdkeADj8e_AIMZEL4DpX6jL9BMA01Bgy_-kSw92Z6xip88GRHi6CvTTnjNxJHkPGJ4Y&_nc_zt=23&_nc_ht=scontent.fhan17-1.fna&_nc_gid=1U_0ucqDfp7xFxdpvBtfxg&oh=00_AfmG08Nj_Dduqm1bq_pkTTBS-2H1r1uwwM0akxJOKCTBFA&oe=693EF928',19),(211,'https://scontent.fhan17-1.fna.fbcdn.net/v/t39.30808-6/508824871_122182492652284018_4335539283658003260_n.jpg?_nc_cat=100&ccb=1-7&_nc_sid=833d8c&_nc_ohc=oSwDlS8j3hMQ7kNvwHAbpmk&_nc_oc=AdnUkYsteejSkMXaPzLs-tUkvu6eiv-puWdmMhRrjf9FdOMxajEWEBdYTdGTBwvr9ew&_nc_zt=23&_nc_ht=scontent.fhan17-1.fna&_nc_gid=VnTdbLEfvAO-7lErwL5J_w&oh=00_AfmtIvE33vRa-RuASAEt4Bm1TaKKFZD6ZOAqC14r9xKtyw&oe=693F0945',20),(212,'https://scontent.fhan17-1.fna.fbcdn.net/v/t39.30808-6/508167896_122182492436284018_1449141869790592263_n.jpg?_nc_cat=106&ccb=1-7&_nc_sid=833d8c&_nc_ohc=3hCCzBdBpLgQ7kNvwGQZW8_&_nc_oc=Adkj7mKz4cPpTDUes0N4B27y3C43Br7grYdM3L81P7n_mWq0HwVIluDdCDRgIr5LUUw&_nc_zt=23&_nc_ht=scontent.fhan17-1.fna&_nc_gid=c3vhn_RGcr4ne6hvRMZEJw&oh=00_AfnAd8HLpbEmUFOW6sf1daIrWhVs1NDRIcQUuEviSotFGA&oe=693EFCF8',20),(213,'https://scontent.fhan17-1.fna.fbcdn.net/v/t39.30808-6/508793256_122182492616284018_6709474548858243480_n.jpg?_nc_cat=107&ccb=1-7&_nc_sid=833d8c&_nc_ohc=ytWgOQahhvsQ7kNvwEIkNMD&_nc_oc=AdmFiHrgnfusGs7QexupgZEOqB_bQLOkA-q9jrNIomWeHN8WFdzC_qhOi49YLhPW3rA&_nc_zt=23&_nc_ht=scontent.fhan17-1.fna&_nc_gid=WP70SyOdLp_1hdktl8Xz7A&oh=00_AflupmD9yBwo57_0L29rg17iOiO_DYdmIM0HjzLsQwoqUg&oe=693EE1A5',20),(214,'https://scontent.fhan17-1.fna.fbcdn.net/v/t39.30808-6/508570044_122182492592284018_6138652981249732425_n.jpg?_nc_cat=106&ccb=1-7&_nc_sid=833d8c&_nc_ohc=ZWzxmLKg_KQQ7kNvwFtTnXq&_nc_oc=AdlRZ2kXX_iek-TKj-p0WzovnnPym2hNhijutJdRAQ97HBHgQUpYM_U8nM0motWOia4&_nc_zt=23&_nc_ht=scontent.fhan17-1.fna&_nc_gid=_ea5Ne-6ywWHL2FsOBa22w&oh=00_AfmHi4yr4QMGrmy347Jo_a-GsdAGjovpmTYeYtIZCHJlvA&oe=693ED970',20),(215,'https://scontent.fhan17-1.fna.fbcdn.net/v/t39.30808-6/508692533_122182492676284018_5470092081545277311_n.jpg?_nc_cat=108&ccb=1-7&_nc_sid=833d8c&_nc_ohc=bglN7EH8CnIQ7kNvwGNm4yL&_nc_oc=AdkK1haVIMVi7pNImBD9aAnSWEw28y6_Aw1LbjisIY48Nk6UmY4i5vJ3zvpmkGrIy2o&_nc_zt=23&_nc_ht=scontent.fhan17-1.fna&_nc_gid=AW7WJuRWSTpxw2ySyNk20A&oh=00_AflICDBJajz90DCHSGJ1148pH47x3g_AyrfqOqxavOdiSw&oe=693F025F',20),(216,'https://scontent.fhan17-1.fna.fbcdn.net/v/t39.30808-6/508742151_122182492694284018_3718579171324690318_n.jpg?stp=cp6_dst-jpg_tt6&_nc_cat=107&ccb=1-7&_nc_sid=833d8c&_nc_ohc=dm-Ou_0cW2MQ7kNvwHDHiyv&_nc_oc=AdmmKHnXkds3l0-6uos0J_gL6LQ5FScBc5efgoB02weacZfA-ro6Z3xvtkC_gm88Tig&_nc_zt=23&_nc_ht=scontent.fhan17-1.fna&_nc_gid=XBaYj5aTgGITcYWhKkDI_w&oh=00_Afmn4vraSbcbNZWgmQO6G-ODlx9XuT_ssV12wc1imk7kNw&oe=693EFE24',20),(217,'https://scontent.fhan17-1.fna.fbcdn.net/v/t39.30808-6/508550466_122182492664284018_7103886356108625017_n.jpg?_nc_cat=100&ccb=1-7&_nc_sid=833d8c&_nc_ohc=EMQ2rH1qjlYQ7kNvwH00dol&_nc_oc=Adlc1NAz6OVNcb8kEufcsyTHT8iEoNMZRlmCEiUxkAoaKgzL4WIrjq6CIA-GznTInJ0&_nc_zt=23&_nc_ht=scontent.fhan17-1.fna&_nc_gid=V3LpAEXGr8g1KSG3nCawEg&oh=00_Afm39dw5NUpuGlUbR_sTg3ad6UTBqyAoD72NXR02xlPvAg&oe=693EF304',20),(218,'https://scontent.fhan17-1.fna.fbcdn.net/v/t39.30808-6/495178882_122176671674284018_3629298999777291910_n.jpg?_nc_cat=102&ccb=1-7&_nc_sid=833d8c&_nc_ohc=kRyQ7sRd6NsQ7kNvwGV38uz&_nc_oc=AdlDq9k8C0vaBAbZbLE7JDsGnglRCI1Up5zit_qp1Dp7BY9fhVUpDbPD9UYvWO0tVW8&_nc_zt=23&_nc_ht=scontent.fhan17-1.fna&_nc_gid=5LSYihJu_448f2GpE-idSg&oh=00_AflbSmWjmRsj189Cp7HItrv_JGM5PrRR_KUEpX1fXMWgSw&oe=693EEA02',21),(219,'https://scontent.fhan17-1.fna.fbcdn.net/v/t39.30808-6/495155528_122176674038284018_5279739940319626807_n.jpg?_nc_cat=108&ccb=1-7&_nc_sid=833d8c&_nc_ohc=61_fiGB5mXIQ7kNvwG_A9ae&_nc_oc=AdlumKF3z7fxMqT-nNqe6iNxe8mSklfzr3-m3_AvOYcYIv5gkGyheoacs4cCNQYecaI&_nc_zt=23&_nc_ht=scontent.fhan17-1.fna&_nc_gid=umfAPLs0BuysYvHCTh348Q&oh=00_AfkxM9unNPVZUBzn2wRkrPVgSYzPLn9gdS7FHa78ygJKWg&oe=693EEA09',21),(220,'https://scontent.fhan17-1.fna.fbcdn.net/v/t39.30808-6/495180795_122176671704284018_693589254689417402_n.jpg?_nc_cat=106&ccb=1-7&_nc_sid=833d8c&_nc_ohc=XjtTEaR8z7gQ7kNvwF7db2x&_nc_oc=AdmKgNdB_CacR0q27dZx16VVp3lCLf6wtw9reJKvJJz__fBpECPoJ32w2Oo3ZSyVLGU&_nc_zt=23&_nc_ht=scontent.fhan17-1.fna&_nc_gid=W6vmFSaHSk0x-qvpgWAtkQ&oh=00_AfmsCqlLgKqo1pirQ7l5txsOkP7eGuwL5Ck4BPHywozSng&oe=693EE9B4',21),(221,'https://scontent.fhan17-1.fna.fbcdn.net/v/t39.30808-6/495359149_122176674146284018_8098371300009197807_n.jpg?_nc_cat=109&ccb=1-7&_nc_sid=833d8c&_nc_ohc=6yoDYamYY7gQ7kNvwEnFQ5k&_nc_oc=AdkajTznt8xUurTCe4BXYf1sxgar027wjc5Qbi8Ku8QQI38RwUlEpwVyq0lPqUvno5w&_nc_zt=23&_nc_ht=scontent.fhan17-1.fna&_nc_gid=wVZvqrqUpcnMe8yX4sm8NQ&oh=00_AflWFVu0wGYFupFVtNx2WmmhwGL2HKcVNoToFrOnv5RQ6A&oe=693ED8B8',21),(222,'https://scontent.fhan17-1.fna.fbcdn.net/v/t39.30808-6/495925079_122176674140284018_2094279699055517885_n.jpg?_nc_cat=102&ccb=1-7&_nc_sid=833d8c&_nc_ohc=kUFfGvjxdP8Q7kNvwGLdzPY&_nc_oc=AdkXeFZYBUGiTvXxGQGFxnL4B8rAdt46AZDGhtloBgCQ9R96EMC0kLptM5Wp3Zhhv3Q&_nc_zt=23&_nc_ht=scontent.fhan17-1.fna&_nc_gid=OkWAljBng-QaM5g7ulLMPw&oh=00_AflUs2UFjbpeYZZJtINngc9GyZSeMnKdyV6NoxCu74G_xA&oe=693EDF36',21),(223,'https://scontent.fhan17-1.fna.fbcdn.net/v/t39.30808-6/495157073_122176671722284018_4211204462146952656_n.jpg?_nc_cat=102&ccb=1-7&_nc_sid=833d8c&_nc_ohc=serVfWzFCWkQ7kNvwF-gRqB&_nc_oc=AdnmfwG88fFrHcY8fEUe3AlQCUaIiqxfWKtfu-YCZcjutubiPo5u5F3FrdCNW0EgKaU&_nc_zt=23&_nc_ht=scontent.fhan17-1.fna&_nc_gid=lr-vJO8a-20GtPIqehkfSw&oh=00_AflGcfoXIYCid05Ys_Nb9XBmgZDuyNHzfc9aUUV4xMPEAA&oe=693EFF85',21),(263,'https://scontent.fhan17-1.fna.fbcdn.net/v/t39.30808-6/494142910_122176183700284018_8942204136366013473_n.jpg?_nc_cat=109&ccb=1-7&_nc_sid=127cfc&_nc_ohc=YiQBYLbEjHMQ7kNvwE-kPuv&_nc_oc=AdnHvD86mTWsrUMrvbjEAy_HNwlzMYJyUnpuAR7_pwaF4dvoDdcneoFB11ZxWJhV3lE&_nc_zt=23&_nc_ht=scontent.fhan17-1.fna&_nc_gid=-z4Z4VJyrZA00mh6Cwd8TA&oh=00_AfnaV62m17mavUpDFA3KA7bfUqpwtA4B9t2I5KlskjnAIQ&oe=693F0FA4',26),(264,'https://scontent.fhan17-1.fna.fbcdn.net/v/t39.30808-6/495012944_122176183730284018_3789580582083811089_n.jpg?_nc_cat=107&ccb=1-7&_nc_sid=127cfc&_nc_ohc=A3epIWQe0EYQ7kNvwFuWvBY&_nc_oc=Adn1_0CS0VLLz7QhoNdaYHGN0MhYiWvpdJWNSANd5oW8JT4g6d3a3BbNcyMiT2WBthk&_nc_zt=23&_nc_ht=scontent.fhan17-1.fna&_nc_gid=UmZ2WQrL9LdFW8aJpgj5rA&oh=00_Afm-0KAQ-C8gnWibMyUHmfjmBA1t-xRfdWrY-woKRAqvXA&oe=693EFE48',26),(265,'https://scontent.fhan17-1.fna.fbcdn.net/v/t39.30808-6/494487692_122176183670284018_1401847833605877314_n.jpg?_nc_cat=101&ccb=1-7&_nc_sid=127cfc&_nc_ohc=HclEY-7kfJsQ7kNvwHReC7M&_nc_oc=Adk2ipppi1ddaR8t6M2wn2j3junWaQjDzuYa0195N2q3gSL3oX0y00Wp0N1tdPSXn8s&_nc_zt=23&_nc_ht=scontent.fhan17-1.fna&_nc_gid=Vi6GigA5KkjnQO82adcg3w&oh=00_Afl7yQWPHucEXXKojS4yFhvie_so8itLTXGm3ZXhMjPmwA&oe=693EF141',26),(266,'https://scontent.fhan17-1.fna.fbcdn.net/v/t39.30808-6/494507439_122176183796284018_4347295827505325844_n.jpg?_nc_cat=104&ccb=1-7&_nc_sid=127cfc&_nc_ohc=88vA43BgnrYQ7kNvwGYBmqj&_nc_oc=Adkbv6yRFJU-b8L8KSE2fKyMVWGkCZ-mjgLB3T-8fpraR5mjl1c0kdZeOJ6RwvwK7wc&_nc_zt=23&_nc_ht=scontent.fhan17-1.fna&_nc_gid=Y9aRb00Y49y9y18KpurGnw&oh=00_AfnxREsuHs-OGdBLKDML5GdSKrT4oHbQFXHiNU62BQGYCQ&oe=693EE13F',26),(267,'https://scontent.fhan17-1.fna.fbcdn.net/v/t39.30808-6/494291033_122176183838284018_3182614454633421728_n.jpg?_nc_cat=104&ccb=1-7&_nc_sid=127cfc&_nc_ohc=oAnWleOyfU0Q7kNvwG1pYyU&_nc_oc=Adk3La1wDqlMqKfEIXRl8k9B5RtEUQ49HIFfy7quNsGc4vG0p5UicF3rvxXs-5ilq4I&_nc_zt=23&_nc_ht=scontent.fhan17-1.fna&_nc_gid=-lZfsXzflw_mZBXailuBGw&oh=00_AfmFsdtVXSlOuQUK6dzp-a9s5r5shYOo8KL8TgIIEqIj7Q&oe=693EE918',26),(268,'https://scontent.fhan17-1.fna.fbcdn.net/v/t39.30808-6/495378962_122176183868284018_6273309171593330655_n.jpg?_nc_cat=100&ccb=1-7&_nc_sid=127cfc&_nc_ohc=QgFwmiDzyaIQ7kNvwHUwh4o&_nc_oc=Adn3xT_tzdOaaRAy9x53X9qfXJiExQMqYD93kaDS8zxcbW8hw_7ptTvSsNjX_PA5wRY&_nc_zt=23&_nc_ht=scontent.fhan17-1.fna&_nc_gid=s3MRELzCz8s4eNBzOS7ikQ&oh=00_AfljaTD7vuqm4K7Jx-yPz6V5IaF30xZJOHbUHYpNL5xU6Q&oe=693EDF69',26),(269,'https://scontent.fhan17-1.fna.fbcdn.net/v/t39.30808-6/495915541_122176088444284018_156311053089451452_n.jpg?_nc_cat=100&ccb=1-7&_nc_sid=833d8c&_nc_ohc=4bdKxP9IxYQQ7kNvwH49TCM&_nc_oc=AdlB1d_7-ZBYP-FXqbPbP51RnSKCNGTeehFW_ngn12ztvzcOCl1Wpfha0b3jcjFy1ss&_nc_zt=23&_nc_ht=scontent.fhan17-1.fna&_nc_gid=HEqpMX-gK3UgsWgq02RgWw&oh=00_AflflzaxkIGvFpNTsO7ql9r0jxtUF_Ifk5kvoxUc-l-C1A&oe=693EEFEE',25),(270,'https://scontent.fhan17-1.fna.fbcdn.net/v/t39.30808-6/494615443_122176088504284018_6724338265744482705_n.jpg?_nc_cat=110&ccb=1-7&_nc_sid=833d8c&_nc_ohc=YicUZb30BswQ7kNvwHo3PDd&_nc_oc=Adngt0f9RAScjYBP1DRLCWFxCNRDnjkMb2psg5QNbKA4AFGDiEYtVAqjBpsi28fTONk&_nc_zt=23&_nc_ht=scontent.fhan17-1.fna&_nc_gid=jWvFo3dmKPQ9SEOssouk_g&oh=00_Afk8PrhG0eqhmATZNsBx9HXPD8UTM3G-Smg_CKRnc7ouuQ&oe=693EE23F',25),(271,'https://scontent.fhan17-1.fna.fbcdn.net/v/t39.30808-6/495200136_122176088552284018_7098396416881910962_n.jpg?_nc_cat=106&ccb=1-7&_nc_sid=833d8c&_nc_ohc=73Q9I3DDQ98Q7kNvwHEK7pP&_nc_oc=AdmYmfT8m5j_YBZKYk7VgAg9RrB8lw-GIpkd8OcZEn_86oV4qjrX711UlQMP669cwlM&_nc_zt=23&_nc_ht=scontent.fhan17-1.fna&_nc_gid=_Zu6mx2d30LUugLxuiyXpA&oh=00_AfnOjptS3a7yiVw0N88fviDGSqa_rQLhchIhO_dRwvNEbw&oe=693EF805',25),(272,'https://scontent.fhan17-1.fna.fbcdn.net/v/t39.30808-6/495200138_122176088684284018_345938096835323047_n.jpg?_nc_cat=103&ccb=1-7&_nc_sid=833d8c&_nc_ohc=zD2UWmsnOggQ7kNvwHEFP6D&_nc_oc=AdmuyWkSsLmtPpOMSl9UDGKx-zA_60vowYpvLGPUZGxBMpUmMazEK3DwsSsaMqpUPD4&_nc_zt=23&_nc_ht=scontent.fhan17-1.fna&_nc_gid=5LTxpcTNqE1NHpBEr-nAdQ&oh=00_Afnc98Af8dnZPXA0zsnmF1BkPTPcFIEhTC4Zo2sJv9T59A&oe=693EDE23',25),(273,'https://scontent.fhan17-1.fna.fbcdn.net/v/t39.30808-6/495186921_122176088804284018_6020496884763737503_n.jpg?_nc_cat=108&ccb=1-7&_nc_sid=833d8c&_nc_ohc=we0wUa5xiTMQ7kNvwERqEuK&_nc_oc=AdnkT1NnFPRHyxVM5faoN25wtV_wCpxgxj46EK8SXup--OHmFmvK_5oah6MiNbn_tu4&_nc_zt=23&_nc_ht=scontent.fhan17-1.fna&_nc_gid=KcV405oEMV3GFxOGhscyGw&oh=00_AflBf6HwMD6Bp4qvNAHolHBvA5FeX25eqd0IrByg5QHdPg&oe=693F1130',25),(274,'https://scontent.fhan17-1.fna.fbcdn.net/v/t39.30808-6/495200147_122176088738284018_4367861678836081309_n.jpg?_nc_cat=104&ccb=1-7&_nc_sid=833d8c&_nc_ohc=8sNO7vBfuFgQ7kNvwHwu_a6&_nc_oc=Adkog4YEkW-W6OOvmTPWtLWEfnIK9eBzlVWBmxe9TztlNT5n3ksHdwE6EcCc3t7uzWo&_nc_zt=23&_nc_ht=scontent.fhan17-1.fna&_nc_gid=nYgoFxkzWbOFd170OTlidw&oh=00_Afnq-Z_Sp6MBL28FGQVsM4RDl2cVbo82Gd4U4Ewol4hgDQ&oe=693F0268',25),(275,'https://scontent.fhan17-1.fna.fbcdn.net/v/t39.30808-6/499963486_122178180686284018_5643216006978656186_n.jpg?_nc_cat=110&ccb=1-7&_nc_sid=833d8c&_nc_ohc=5oQmnry81X8Q7kNvwG5yFpa&_nc_oc=Adk91kkYUsr4vNjiruNR1XAxbg0nT_ShRXOLMtnifOzjmMlnqPFMmX-sZMsfsFPO1gY&_nc_zt=23&_nc_ht=scontent.fhan17-1.fna&_nc_gid=S-Dc1Xb9-JWJcZ9WLnQ-_A&oh=00_AfkyPFCQ_tfFYvDMP-X8o3XtKjzc-AIhxPa4jk5ywwuotw&oe=693F0650',24),(276,'https://scontent.fhan17-1.fna.fbcdn.net/v/t39.30808-6/505689020_122181259292284018_2061447320272207546_n.jpg?stp=cp6_dst-jpg_tt6&_nc_cat=111&ccb=1-7&_nc_sid=833d8c&_nc_ohc=GaSBINlm6joQ7kNvwF-q19-&_nc_oc=AdkrCiF5fD1DgmTcavrncQ5dYPU1TGeF-ofdvi8E0XM5UXydhmYW0oMLThfJc03aKaQ&_nc_zt=23&_nc_ht=scontent.fhan17-1.fna&_nc_gid=PCXY3AehMIn_ndyKXz020g&oh=00_Afm27qcI2oQJa3D8CX4XeNjIjwlLZ48FkSB2n9oIatHYlw&oe=693EDEFC',23),(277,'https://scontent.fhan17-1.fna.fbcdn.net/v/t39.30808-6/469533023_122153475902284018_861657750702653968_n.jpg?stp=cp6_dst-jpg_tt6&_nc_cat=104&ccb=1-7&_nc_sid=833d8c&_nc_ohc=WQz5kWPR03MQ7kNvwELEwSc&_nc_oc=Adn9Kux3YY2588RnBFLosSoxB-WmQBQzIK6X_W3GRGOiBnnJ_Ch536nAVVX7Sb5VDsA&_nc_zt=23&_nc_ht=scontent.fhan17-1.fna&_nc_gid=c2zWkanwZdse8kekFXocTw&oh=00_Afl70qGMUQ_9LhhsS-pIRT5xDDxqUi6cHsviqKvGXF7PIA&oe=693EFB59',22),(278,'https://scontent.fhan17-1.fna.fbcdn.net/v/t39.30808-6/469667744_122153475956284018_3989824864177951937_n.jpg?stp=cp6_dst-jpg_tt6&_nc_cat=110&ccb=1-7&_nc_sid=833d8c&_nc_ohc=WdmGqZjoFXIQ7kNvwFYpkCc&_nc_oc=Adn-WH-37IgkHMGrp8wMPeoAbXBZix0YfOeBal7ZGCpLn0oCruTkbZ_-0Ka7x9cHrqU&_nc_zt=23&_nc_ht=scontent.fhan17-1.fna&_nc_gid=gA3ILM1q7w06g-1_iXkvxA&oh=00_AfkMIWKzpQIa9qMAyZsuuy44EOCJmCN_bkWLQtaDNtwJbw&oe=693EE190',22),(279,'https://scontent.fhan17-1.fna.fbcdn.net/v/t39.30808-6/469477572_122153475908284018_366098235456404267_n.jpg?stp=cp6_dst-jpg_tt6&_nc_cat=111&ccb=1-7&_nc_sid=833d8c&_nc_ohc=9gWzxwM9jbwQ7kNvwE4bv13&_nc_oc=AdkwUR-gb_0DgIwJZRSxH39QVNhkbA4oVjAxirrxltwojQrmwOagrT-SSjDCZh0sGYQ&_nc_zt=23&_nc_ht=scontent.fhan17-1.fna&_nc_gid=B64k-uMEE24eJEnlAvaV5w&oh=00_AfnqFDwNRAzdTOSlECuO4_5taerVfx1EtDDBC9FYykEjCw&oe=693EDB2C',22),(280,'https://scontent.fhan17-1.fna.fbcdn.net/v/t39.30808-6/469544545_122153476136284018_2090854459676375720_n.jpg?stp=cp6_dst-jpg_tt6&_nc_cat=111&ccb=1-7&_nc_sid=833d8c&_nc_ohc=f2vR2FqKDQ8Q7kNvwH16zdE&_nc_oc=AdlRgEi9QAdZqDCGduF30jYO_3kJeq-IV5GQ68G5qdhRI4o7y0-ZpnMpUONFz1Bw_fI&_nc_zt=23&_nc_ht=scontent.fhan17-1.fna&_nc_gid=HoLXGVN6q615tRVcPZhl2Q&oh=00_AfmfI1wnJe-IlRfGLWC4J2q_HFo9zm7MZo9DCmTstajGvA&oe=693EE2C9',22),(281,'https://scontent.fhan17-1.fna.fbcdn.net/v/t39.30808-6/469268878_122153476148284018_8401275854815064326_n.jpg?stp=cp6_dst-jpg_tt6&_nc_cat=102&ccb=1-7&_nc_sid=833d8c&_nc_ohc=Gu0RWhPpz2sQ7kNvwGSJUX-&_nc_oc=AdlD6nYJJSEF45IfnzEALG6w4Frep1zSdNFOSNSy7e1Q9D51yrwz_wLiSiWuVfwgkc8&_nc_zt=23&_nc_ht=scontent.fhan17-1.fna&_nc_gid=GowTsnl4-F66-FQeuyOYNw&oh=00_AfnN0VQi1_6jCk74igTo4-OV5KSPWmyln2EKQxUCYnoKtw&oe=693EE02A',22),(282,'https://scontent.fhan17-1.fna.fbcdn.net/v/t39.30808-6/500231466_122179382324284018_8737172955842204985_n.jpg?_nc_cat=107&ccb=1-7&_nc_sid=833d8c&_nc_ohc=3qpFciCD5YIQ7kNvwEcRskV&_nc_oc=AdlAAiGScXmtvfdZUouiEUb5JHKS3ljKbCjQtHNUnPFLWRHg29lGvGYCcQKDje7KG_g&_nc_zt=23&_nc_ht=scontent.fhan17-1.fna&_nc_gid=zRHS1KYBdV7r9zHHg7Spug&oh=00_AfmDc6hQUy2LOdBAq0KDMdImvF9eU--wuBd-rpP07y7kBw&oe=693EFF93',27),(283,'https://scontent.fhan17-1.fna.fbcdn.net/v/t39.30808-6/500712405_122179381874284018_7041401909252517838_n.jpg?_nc_cat=101&ccb=1-7&_nc_sid=833d8c&_nc_ohc=mZCM7TAcmtUQ7kNvwGTn15d&_nc_oc=Adl4x5fx99s4kQ88IIouKpdci1EP0dgsciqTHvaUcqugWG7X4UFaTrzkIQ8ksgOtkxw&_nc_zt=23&_nc_ht=scontent.fhan17-1.fna&_nc_gid=wvzFiSodRx8bFBSdZNskgw&oh=00_AfmunSyIaHDlmQVRJZhca1Y-QsFbqf9r5lV5LXWiQ2KFmg&oe=693EE29B',27),(284,'https://scontent.fhan17-1.fna.fbcdn.net/v/t39.30808-6/500434380_122179381952284018_1188093867079989602_n.jpg?_nc_cat=109&ccb=1-7&_nc_sid=833d8c&_nc_ohc=VhicI0A7GhUQ7kNvwGN7HHm&_nc_oc=Adk16OhQkql8i1ElB09QjYN7gNdEOZQmRcL0l-qvd2tluG799tj2iBIKlVyl2o0oDIA&_nc_zt=23&_nc_ht=scontent.fhan17-1.fna&_nc_gid=Qmr-2XwjZf6p8cClr3UAvQ&oh=00_AfmXi2YMJnhB4YGNW1iVZ83evCrmNp_2syclv8QNy5T5DQ&oe=693EE215',27),(285,'https://scontent.fhan17-1.fna.fbcdn.net/v/t39.30808-6/500067718_122179382312284018_6307584929306463060_n.jpg?_nc_cat=107&ccb=1-7&_nc_sid=833d8c&_nc_ohc=pxfn0KBNdvAQ7kNvwGCfI3u&_nc_oc=AdmaLesAnzJcx-RrH4gQjTL9Hh4WRMY_C3PfuIcxKrXbgpCg1S1Hw2_EPE4Ym-TQfgU&_nc_zt=23&_nc_ht=scontent.fhan17-1.fna&_nc_gid=CSXx8NrbqPOJoiN7_6Z3Tg&oh=00_AfmmjyQi8epeiglq7mzbCCRNyGL9oX4ZZWadfwhUxNKfYA&oe=693EE42B',27),(286,'https://scontent.fhan17-1.fna.fbcdn.net/v/t39.30808-6/500541827_122179382348284018_4597474019867337964_n.jpg?_nc_cat=105&ccb=1-7&_nc_sid=833d8c&_nc_ohc=h8Ah491GvcAQ7kNvwF22XeQ&_nc_oc=AdlnOJ_8Ws_BcHLvu9wEhW4UsRcGzFNwWY7c109LNHSR99eYmvuyntGhZXnMN1SyQds&_nc_zt=23&_nc_ht=scontent.fhan17-1.fna&_nc_gid=e61jsvSyA4tgCMqCfaFg6Q&oh=00_Afn-VMtDweCDJ7nBzYNKQzo4UTDjBY_1tg8OmfINPISx5g&oe=693F0A4F',27),(287,'https://scontent.fhan17-1.fna.fbcdn.net/v/t39.30808-6/500744979_122179382366284018_7936827139512607084_n.jpg?_nc_cat=102&ccb=1-7&_nc_sid=833d8c&_nc_ohc=CMI0sVeIq6EQ7kNvwFjv1cW&_nc_oc=AdnVV0dsnZ_o3JJptCpe_YZgmfJuouR_IMJxtjNXhnEyBxsDyIR8ZJaLfnB5__eV2tU&_nc_zt=23&_nc_ht=scontent.fhan17-1.fna&_nc_gid=vVQxF8kXgmmA0lOf3bppqQ&oh=00_Afm0CixroZEa3Rkwupqxqftyot-p3Zlstoi1WQVJcnsLBQ&oe=693EFCF1',27),(288,'https://scontent.fhan17-1.fna.fbcdn.net/v/t39.30808-6/511195634_122183339426284018_7754984026090278735_n.jpg?_nc_cat=104&ccb=1-7&_nc_sid=833d8c&_nc_ohc=-ATskUSOPO4Q7kNvwGpVlHG&_nc_oc=AdnkRGPZqIeHmVY7iVxY_BNbd-h4NFGkSpPt3i45ujEMSF8o7Ymhj2dm0dqJLyPGl5I&_nc_zt=23&_nc_ht=scontent.fhan17-1.fna&_nc_gid=JbRZ-s3IG1nWybeGzFV9DA&oh=00_AfmyEylpXoG4Mab1FNluCYwvDBWIOFbAaXMki3yCwTRfEA&oe=693EEA70',28),(289,'https://scontent.fhan17-1.fna.fbcdn.net/v/t39.30808-6/510511486_122183339438284018_8351970013534235852_n.jpg?_nc_cat=106&ccb=1-7&_nc_sid=833d8c&_nc_ohc=YY1ZWO-H9AAQ7kNvwF0OCfH&_nc_oc=Adm7JIjGudfQwZ4SGhABEESvx1Cv4BhrXSWG631L11_JfA5RcFmNkE2DDaOkFDYyb9A&_nc_zt=23&_nc_ht=scontent.fhan17-1.fna&_nc_gid=NM6ecdDHlPLCDWhCOCjBlw&oh=00_Afn5T0GurS_4jmmNbhT6GUvEXUbUZx59HjLkLQ-BhqjtMw&oe=693EF78F',28),(290,'https://scontent.fhan17-1.fna.fbcdn.net/v/t39.30808-6/510956057_122183339522284018_5669994385363495661_n.jpg?_nc_cat=107&ccb=1-7&_nc_sid=833d8c&_nc_ohc=HIe26tBojssQ7kNvwELCGIT&_nc_oc=AdmbWJXTmRVJkHs8-IQMNe1_Vmwx_shzVj7Z0JF8KyJZk1v3iBKGsCxQRtEgGu7ufxI&_nc_zt=23&_nc_ht=scontent.fhan17-1.fna&_nc_gid=bi3dJhc3GCOpaxFWcs_uYg&oh=00_Afk2Slg5-juwrArE3YQ5meXjE-3l6iATBrnUXM_k1J01bg&oe=693F0450',28),(291,'https://scontent.fhan17-1.fna.fbcdn.net/v/t39.30808-6/510573254_122183339570284018_5425997353474007398_n.jpg?_nc_cat=111&ccb=1-7&_nc_sid=833d8c&_nc_ohc=UD8eK47URNgQ7kNvwHX0Tc5&_nc_oc=AdmhQMrfaysMUyjEfQyIDXAWUAhcoFQL2TUzZEIydmttOiJ2tWtLhCjFZiVWX2MAefQ&_nc_zt=23&_nc_ht=scontent.fhan17-1.fna&_nc_gid=YBcESfGQ77b4M3XiXVKccQ&oh=00_AfmeXx5gxEVymqoOrGdgt8x6iRktHkll9hAjlc44vvLddw&oe=693EE2E7',28),(292,'https://scontent.fhan17-1.fna.fbcdn.net/v/t39.30808-6/512791701_122183339468284018_9173319932153098786_n.jpg?_nc_cat=101&ccb=1-7&_nc_sid=833d8c&_nc_ohc=JYZD7y73f-8Q7kNvwGpfYe_&_nc_oc=AdleC3kIgS1M328gX7I9IcnQrs2XO1TFfgdvdt6mI2FUb5qjRWTCE0fLwl9P82UZATU&_nc_zt=23&_nc_ht=scontent.fhan17-1.fna&_nc_gid=F77CJ5rHbT1gxY9FhADH_g&oh=00_Afm5ca7dH2Zz0bMQnCFqY17zOHwXqe-aAJo12MMRJjWUbg&oe=693F0741',28),(293,'https://scontent.fhan17-1.fna.fbcdn.net/v/t39.30808-6/510399633_122183339702284018_1095848922969894895_n.jpg?_nc_cat=109&ccb=1-7&_nc_sid=833d8c&_nc_ohc=mtzjswt71L4Q7kNvwGDIVxr&_nc_oc=AdkVGsMycUHr7m-4FYU-gr43fHQWWCfQoIms9lN3PXCNt5pT411SILgDxMYDLqnWPfI&_nc_zt=23&_nc_ht=scontent.fhan17-1.fna&_nc_gid=3Fe9bfqDPchXF0Yjz8uI8g&oh=00_Aflrpx2XQlgBUps1pvZOxA9_aFvfsPsZBGc_-GsSwQc2VQ&oe=693EE609',28),(294,'https://scontent.fhan17-1.fna.fbcdn.net/v/t39.30808-6/511156098_122183339558284018_28889243364145242_n.jpg?_nc_cat=100&ccb=1-7&_nc_sid=833d8c&_nc_ohc=SN41xbYAjVgQ7kNvwHOUGxz&_nc_oc=Adm1T3XvEbgTTZThQablLNtr2KvrsAYKSXbcq28mztK7zwfzNE95kZFvRPe3QUPivkM&_nc_zt=23&_nc_ht=scontent.fhan17-1.fna&_nc_gid=u34mkyBAYtzF0JeIkTgpLA&oh=00_AflHfxOaQ-caqEHC8gNlEdhPDfYmRrdPFpHzUtD9evMX7g&oe=693F090C',28),(295,'https://scontent.fhan17-1.fna.fbcdn.net/v/t39.30808-6/511045793_122183339480284018_1909547756074373078_n.jpg?_nc_cat=107&ccb=1-7&_nc_sid=833d8c&_nc_ohc=XH0pIAZWdXcQ7kNvwF15A6V&_nc_oc=AdkEAoNHmMhNtpL-cU6xK4DCMbFDng_JYKfO_euA_whk_PQA8pepa6iVjicVvI1rzKE&_nc_zt=23&_nc_ht=scontent.fhan17-1.fna&_nc_gid=UdU33sHnhL8oSYmt--s3uA&oh=00_Afk5svEvdM1OHEOcuFGwSGMult7VjSrO15I9zmhwzXFsxA&oe=693EF226',28),(301,'https://scontent.fhan17-1.fna.fbcdn.net/v/t39.30808-6/492548381_122174406380284018_4191480305603284009_n.jpg?stp=cp6_dst-jpg_tt6&_nc_cat=100&ccb=1-7&_nc_sid=833d8c&_nc_ohc=3zJmONvXnDIQ7kNvwHaVGvy&_nc_oc=AdmNlUpQ7hv456OgNuzMXiNUlooVC4hg3es4G6VmBQ7NPCQds8SkZcqjQmLY5ZCSuVE&_nc_zt=23&_nc_ht=scontent.fhan17-1.fna&_nc_gid=FFViTz2SuBWKkPPV8lnMkQ&oh=00_AfkxNliRHwY1ktzhnRt4F_GQON185X4lRbnqGXAQVEmG8w&oe=693EFD8D',30),(305,'https://scontent.fhan17-1.fna.fbcdn.net/v/t39.30808-6/576757588_122203688432284018_7963132706312620782_n.jpg?_nc_cat=100&ccb=1-7&_nc_sid=833d8c&_nc_ohc=0tFdNM_4hpcQ7kNvwH9GSuv&_nc_oc=AdkuSciHENOdh9p1XH33_56gZCFX1079isxyD76o25xoTcw8TgBWP1rLTWjh5_Xlf9o&_nc_zt=23&_nc_ht=scontent.fhan17-1.fna&_nc_gid=ug6gb_lnF05gtWc-FPHmuw&oh=00_AfkkBA3UlLEd5bbHAMePeCbMAk0nkw4RcJtXmgZsNmoNJQ&oe=693EF3C7',31),(306,'https://scontent.fhan17-1.fna.fbcdn.net/v/t39.30808-6/577594054_122203688468284018_4229220186191253370_n.jpg?_nc_cat=107&ccb=1-7&_nc_sid=833d8c&_nc_ohc=Gc_TcpEJGhIQ7kNvwECd3yz&_nc_oc=Adnv-zRRWXozgdEEdoM0U730vVNYNjyorj1y9As7-5rx4CFvcubIiAr4IMQASOnB-tI&_nc_zt=23&_nc_ht=scontent.fhan17-1.fna&_nc_gid=72Q3nHERYsbFUH55aEiF1w&oh=00_AfnwmCZ9ABRBUJre4GyGrvCjCsF59dYM-SeyGdV0kffV6g&oe=693EF1E8',33),(307,'https://scontent.fhan17-1.fna.fbcdn.net/v/t39.30808-6/575112398_122203688390284018_5465074760200757672_n.jpg?_nc_cat=106&ccb=1-7&_nc_sid=833d8c&_nc_ohc=QIYe_QCjOzQQ7kNvwFCS63A&_nc_oc=AdniTIP8G4TE5xhIjI9HsEjqryEcHXFIRoJtlse_L0IUFngK93HnjQHh_96sR-paYso&_nc_zt=23&_nc_ht=scontent.fhan17-1.fna&_nc_gid=DwzjvC5PLAMCaMW1-NolbA&oh=00_Afn402T9aivJoq-VtbHhjLU-lRJXGJZywlbJNkF-YKRqHA&oe=693EF283',32),(308,'https://scontent.fhan17-1.fna.fbcdn.net/v/t39.30808-6/576637261_122203688522284018_112159415709531072_n.jpg?_nc_cat=103&ccb=1-7&_nc_sid=833d8c&_nc_ohc=Dd31xZqNKH4Q7kNvwFoglXG&_nc_oc=AdmZkJSbZvystdjtHhEJuFo2wjkzUDZEDn9CyLJlGhIZPHt9BA6z1vcgDIhzJ3s9ink&_nc_zt=23&_nc_ht=scontent.fhan17-1.fna&_nc_gid=uXZ21KxCk2mQV2T56dTAyg&oh=00_Afl5Pe2OeVMc1bU7zJ-4uh6D6SS1kS40kKAfmetnNZ7g2w&oe=693F1538',34),(309,'https://scontent.fhan17-1.fna.fbcdn.net/v/t39.30808-6/537822462_122192862500284018_7606047182402793730_n.jpg?_nc_cat=103&ccb=1-7&_nc_sid=833d8c&_nc_ohc=dk7hSaey0YcQ7kNvwH6HfMC&_nc_oc=Adnz8TVRiEJYGBD1rGWmMwRgYtXdlvvaqEHDV-Pk5v7hP6XzpIdZ5rrXSvUnERQl4gc&_nc_zt=23&_nc_ht=scontent.fhan17-1.fna&_nc_gid=OM4FG8sGdrJLmCGStds8Kw&oh=00_AfmSz0tRY82TMnAB8aqtCNSXG5jk5N3wR2rwIzwbHtBy-w&oe=693F1433',29),(310,'https://scontent.fhan17-1.fna.fbcdn.net/v/t39.30808-6/539198323_122192863100284018_970409966212487987_n.jpg?stp=cp6_dst-jpg_tt6&_nc_cat=103&ccb=1-7&_nc_sid=833d8c&_nc_ohc=um1R7nyxjCIQ7kNvwEeKEtj&_nc_oc=AdkHEp4-uJgy2wf5zhNLCJvdPC-IUMTacTB21-05z8BlsqpADvmluQRi_rePPUVCEYk&_nc_zt=23&_nc_ht=scontent.fhan17-1.fna&_nc_gid=2VToi0EmjB5Q3gioIaiQDg&oh=00_Afk_BR5tn_5medCmMrCbEFlga0hhTwA_wcEgaXC-UxuZ0A&oe=693F0591',29),(311,'https://scontent.fhan17-1.fna.fbcdn.net/v/t39.30808-6/540221669_122192862560284018_846987336886917125_n.jpg?_nc_cat=111&ccb=1-7&_nc_sid=833d8c&_nc_ohc=15yiEJnvwlEQ7kNvwHjSK4k&_nc_oc=Adk2fkA-o_bZJ0OO6Cw_rn_PerU5_v4bSKz6XjIlfcWZiCreLK_uPsdT1NO-QZRG460&_nc_zt=23&_nc_ht=scontent.fhan17-1.fna&_nc_gid=iYI1oFwF8azLfpuuZ2bUgQ&oh=00_AfkMV7Sv9Mu5OF3j1fvkkwF2prwj8RvUnJp5x2RRQmZSSA&oe=693EF73D',29),(312,'https://scontent.fhan17-1.fna.fbcdn.net/v/t39.30808-6/537500256_122192862608284018_2732464283437729838_n.jpg?_nc_cat=111&ccb=1-7&_nc_sid=833d8c&_nc_ohc=JpY0qiF5mYIQ7kNvwGuX_tL&_nc_oc=AdkYQj6Z6TBtjnapBVHbDDw9-Q1jVvCh2dIFmxBb1Djkbd5iWjTbmThPyIzw3mg8q4g&_nc_zt=23&_nc_ht=scontent.fhan17-1.fna&_nc_gid=NgoP6EeZNW4Ru-osGP-ONw&oh=00_Afl-C7Ga53qyhs-H4jFdPuyVcqvi61xb8uhZMrIYSCWKhA&oe=693EDCEE',29),(313,'https://scontent.fhan17-1.fna.fbcdn.net/v/t39.30808-6/538970029_122192862716284018_8628354831470128134_n.jpg?_nc_cat=107&ccb=1-7&_nc_sid=833d8c&_nc_ohc=6M5K0HocRT8Q7kNvwGd7wt9&_nc_oc=AdnRy4Or5jhpNqVpaB9BNN-0ZtiuwRKPxgVGFggPKMF2jq1b7l26zhqyXr1b1aZbJBg&_nc_zt=23&_nc_ht=scontent.fhan17-1.fna&_nc_gid=nejnxdSdMCBhBOM2OEZxTg&oh=00_AfkDgYtAAu-Bh_uXBFxrz6RUBfnBiA2zcLh0W445jU7hPw&oe=693EE602',29),(314,'https://scontent.fhan17-1.fna.fbcdn.net/v/t39.30808-6/469581129_122153488040284018_5772717161558036800_n.jpg?_nc_cat=102&ccb=1-7&_nc_sid=127cfc&_nc_ohc=VgIvf8q06YQQ7kNvwFuAwH2&_nc_oc=AdnlQqnGGIa_truDHW-Ddh7FcyCFhit4frRBKdOx6dZgTW2LUUaLIzt3oFM_Kur1LR8&_nc_zt=23&_nc_ht=scontent.fhan17-1.fna&_nc_gid=_0jqIEUxkn8dK1jhsxcOkQ&oh=00_AfkG-XOb6xfHKpgAEaBrHeOHAwqpnwLInrw3MmD0Sl8qTQ&oe=693F047F',35),(315,'https://scontent.fhan17-1.fna.fbcdn.net/v/t39.30808-6/469602366_122153487896284018_1925287202876165528_n.jpg?_nc_cat=109&ccb=1-7&_nc_sid=127cfc&_nc_ohc=okm0ziEMLwwQ7kNvwEuPM-8&_nc_oc=AdlUlKdDMyjahWTgy9OoWilcDOplaC8Mh_jh9ovTxJSEsXePmK97-bcHL_pSUdWxcGA&_nc_zt=23&_nc_ht=scontent.fhan17-1.fna&_nc_gid=vWbLx3UdqRCIXoF5Q6BIPA&oh=00_AfmDYNaGFrnKI92QnjAD-rWRtR-UagTE_bUKhxKwCQ9g1Q&oe=693F0EA2',35),(316,'https://scontent.fhan17-1.fna.fbcdn.net/v/t39.30808-6/469651877_122153488124284018_3054565153710309593_n.jpg?_nc_cat=102&ccb=1-7&_nc_sid=127cfc&_nc_ohc=HjDJ9BONLF8Q7kNvwF0K9Xm&_nc_oc=AdkJfD-gbrTMeVufZrLPhDNJzKyrZ_No3Qa3GcV1I7_ueRMk4DZe6E_eZhpYHTv4yrQ&_nc_zt=23&_nc_ht=scontent.fhan17-1.fna&_nc_gid=P54ojpQQWNMP6E47LVzw-Q&oh=00_Afll01kyOhKkRPBOlU-0tpXgDITgfcCw56XYHkd8Vx6l2g&oe=693F18C5',35),(317,'https://scontent.fhan17-1.fna.fbcdn.net/v/t39.30808-6/469366711_122153488100284018_1389679766588400817_n.jpg?_nc_cat=111&ccb=1-7&_nc_sid=127cfc&_nc_ohc=N7AyPiCsMsAQ7kNvwHTD1SA&_nc_oc=Adkcc5_xzCl166byr8PTFHVuq6qhaHavSusmDVosLbNDK95RdIZspQGTIxOcWV4XOgQ&_nc_zt=23&_nc_ht=scontent.fhan17-1.fna&_nc_gid=ljKVcuO2p_rcPnV2srJ2Jw&oh=00_Afm3GbWRM34n6lJ4hzPOtmCgZBARx_gKgCKz0Qs2nIzXcw&oe=693F1B99',35),(318,'https://scontent.fhan17-1.fna.fbcdn.net/v/t39.30808-6/469390663_122153488028284018_4315446844849547132_n.jpg?_nc_cat=103&ccb=1-7&_nc_sid=127cfc&_nc_ohc=yJMjro89svcQ7kNvwFgWhAX&_nc_oc=Adkssc4kUwnXrQW1zr1wNnjf6X6Mx1HYFbaXTTHM5DbPdiD2vG9ulweVq1uyO_ku2ow&_nc_zt=23&_nc_ht=scontent.fhan17-1.fna&_nc_gid=IcHgdTmmswl4MhyreTXtug&oh=00_AfkQWPuXncS3MCk4rx2epkaFP5nO_mEU47SXFgMkJRrukQ&oe=693F0316',35),(319,'https://scontent.fhan17-1.fna.fbcdn.net/v/t39.30808-6/469405311_122153488034284018_5181518872463012896_n.jpg?_nc_cat=106&ccb=1-7&_nc_sid=127cfc&_nc_ohc=GlAe3UuCR7AQ7kNvwF3oV_n&_nc_oc=AdmzYDz9U5L3mlJnDfC57mc3ql_U1o8m3tCgGg2Fdzj3E_J3uv-ILNqBvZtcYUuzm2o&_nc_zt=23&_nc_ht=scontent.fhan17-1.fna&_nc_gid=tSx-iBv2XBSe4UgzfV-nSQ&oh=00_AfmOemfH_MMVLSGWJBLOqpzJwOFCRVQGoO-RMpAQmzbK4Q&oe=693F29E3',35),(320,'https://scontent.fhan17-1.fna.fbcdn.net/v/t39.30808-6/506886967_122182465418284018_529212491549205706_n.jpg?_nc_cat=110&ccb=1-7&_nc_sid=833d8c&_nc_ohc=QaacXgQVSEAQ7kNvwGjXHwt&_nc_oc=Adn_fPPOVfLG0aXbyye0vPOH4vPPLzTHy_9W0Cq9v01jP7TjqkDAXGgv36-tVJ9fR40&_nc_zt=23&_nc_ht=scontent.fhan17-1.fna&_nc_gid=SEgMsA3rc9qBI3-hLD-95Q&oh=00_AfmWN0W7oAWC7aGGKEfR1wjJLEuG_KC3ErB-RND35NxTOA&oe=693F1F38',36);
/*!40000 ALTER TABLE `product_images` ENABLE KEYS */;
UNLOCK TABLES;

--
-- Table structure for table `product_specs`
--

DROP TABLE IF EXISTS `product_specs`;
/*!40101 SET @saved_cs_client     = @@character_set_client */;
/*!50503 SET character_set_client = utf8mb4 */;
CREATE TABLE `product_specs` (
  `id` int(11) NOT NULL AUTO_INCREMENT,
  `label` varchar(255) NOT NULL,
  `value` varchar(255) NOT NULL,
  `productId` int(11) NOT NULL,
  PRIMARY KEY (`id`),
  KEY `FK_2831fa1ffe991b72d1e38f2f625` (`productId`),
  CONSTRAINT `FK_2831fa1ffe991b72d1e38f2f625` FOREIGN KEY (`productId`) REFERENCES `products` (`id`) ON DELETE CASCADE ON UPDATE NO ACTION
) ENGINE=InnoDB AUTO_INCREMENT=58 DEFAULT CHARSET=utf8mb4 COLLATE=utf8mb4_unicode_ci;
/*!40101 SET character_set_client = @saved_cs_client */;

--
-- Dumping data for table `product_specs`
--

LOCK TABLES `product_specs` WRITE;
/*!40000 ALTER TABLE `product_specs` DISABLE KEYS */;
INSERT INTO `product_specs` VALUES (15,'Kích thước','Cao 39cm, ngang 29cm, sâu 25cm',12),(16,'Kích thước','Cao 45cm, ngang 33cm, sâu 28cm',13),(17,'Kích thước','Cao 45cm, ngang 33cm, sâu 28cm',14),(18,'Kích thước','Cao 72cm, ngang 29cm, sâu 22cm',15),(19,'Kích thước','Cao 39cm, ngang 29cm, sâu 25cm',11),(20,'Kích thước','Cao 48cm, dài thân 25cm, ngang lưng 16cm',16),(23,'Kích thước','Cao 50cm, thân dài 45cm, ngang lưng 14cm',18),(24,'Kích thước','Cao 50cm, thân dàu 45cm, ngang lưng 14cm',17),(25,'Kích thước','Cao 37cm, ngang 12cm, sâu 12cm',19),(26,'Kích thước','Cao 37cm, ngang 12cm, sâu 12cm',20),(27,'Kích thước','Cao 21cm, ngang 21cm, sâu 11cm',21),(38,'Kích thước','cao 26cm, ngang 30cm, sâu 20cm',26),(39,'Kích thước','cao 36cm, ngang 22cm, sâu 22cm',25),(40,'Kích thước','Cao 15cm, ngang 70cm, sâu 10cm',24),(41,'Kích thước','Cao 32cm, ngang 15cm, sâu 15cm',23),(42,'Kích thước','Cao 32cm, ngang 15cm, sâu 15cm',22),(43,'Kích thước','Cao 26c, ngang 37cm, sâu 37cm',27),(44,'Kích thước:','Cao 26cm, ngang 22cm, sâu 22cm',28),(46,'Kích thước','Cao 80cm, rộng 55cm, dày 4cm',30),(50,'Kích thước','Cao 68cm, ngang 50cm, dày 4cm',31),(51,'Kích thước','Cao 68cm, ngang 50cm, dày 4cm',33),(52,'Kích thước','Cao 68cm, ngang 50cm, dày 4cm',32),(53,'Kích thước','Cao 68cm, ngang 50cm, dầy 4cm',34),(54,'Kích thước','Cao 26cm, ngang 22cm, sâu 22cm',29),(55,'Số cành','15 cành (hoa, lá, nụ...)',35),(56,'Size lá to nhất','22cm',35),(57,'Kích thước','Cao 22cm (chưa gồm đế)',36);
/*!40000 ALTER TABLE `product_specs` ENABLE KEYS */;
UNLOCK TABLES;

--
-- Table structure for table `products`
--

DROP TABLE IF EXISTS `products`;
/*!40101 SET @saved_cs_client     = @@character_set_client */;
/*!50503 SET character_set_client = utf8mb4 */;
CREATE TABLE `products` (
  `id` int(11) NOT NULL AUTO_INCREMENT,
  `name` varchar(255) NOT NULL,
  `slug` varchar(255) DEFAULT NULL,
  `price` decimal(12,2) NOT NULL DEFAULT 0.00,
  `sku` varchar(255) DEFAULT NULL,
  `stock` int(11) NOT NULL DEFAULT 0,
  `status` enum('open','closed') NOT NULL DEFAULT 'open',
  `sold` int(11) NOT NULL DEFAULT 0,
  `created_at` datetime(6) NOT NULL DEFAULT current_timestamp(6),
  `updated_at` datetime(6) NOT NULL DEFAULT current_timestamp(6) ON UPDATE current_timestamp(6),
  `description` longtext DEFAULT NULL,
  `image` longtext DEFAULT NULL,
  PRIMARY KEY (`id`)
) ENGINE=InnoDB AUTO_INCREMENT=37 DEFAULT CHARSET=utf8mb4 COLLATE=utf8mb4_unicode_ci;
/*!40101 SET character_set_client = @saved_cs_client */;

--
-- Dumping data for table `products`
--

LOCK TABLES `products` WRITE;
/*!40000 ALTER TABLE `products` DISABLE KEYS */;
INSERT INTO `products` VALUES (11,'Tượng Tam Thế Sơn Mài Giả Cổ - 1 tượng - Size 39cm','tng-tam-th-sn-mi-gi-c---1-tng---size-39cm',3500000.00,'CHAMVAN-TUONG-TAMTHE39LE-1CAI',0,'open',0,'2025-12-10 06:34:58.446096','2025-12-10 06:58:30.000000','1. Thông tin cơ bản\nTên sản phẩm: Tượng Tam Thế Phật (Quá khứ – Hiện tại – Vị lai)\nChất liệu: Gỗ thủ công sơn mài giả cổ, điểm thếp vàng loang\n\n2. Đặc điểm nổi bật \nPhong cách thiết kế:\nPhối màu sơn mài nâu – đỏ – vàng theo phong cách giả cổ. Lớp sơn được xử lý loang bạc, bong tróc tự nhiên, kết hợp thếp vàng điểm nhẹ – mang đậm dấu ấn tượng chùa cổ Bắc Bộ.\n\nQuy trình chế tác:\n100% thủ công: từng bức tượng được tạc tay trên gỗ nguyên khối, khắc nếp áo, gương mặt, thủ ấn riêng biệt theo từng vị Phật. Các chi tiết vàng son được thếp và mài bằng tay để tạo hiệu ứng thời gian.\n\nNguồn cảm hứng thiết kế:\nDựa theo triết lý Tam Thế Phật:\n\nA Di Đà (Quá khứ)\n\nThích Ca Mâu Ni (Hiện tại)\n\nDi Lặc (Tương lai)\nBa vị đại diện cho vòng luân chuyển thời gian – trí tuệ – và từ bi vô lượng.\n\n3. Giá trị cảm xúc và phong thủy\nÝ nghĩa phong thủy/tâm linh:\nTam Thế là bộ tượng cực kỳ linh thiêng trong Phật giáo, tượng trưng cho tam thời (quá khứ – hiện tại – vị lai), giúp hóa giải nghiệp lực, ổn định phúc khí, trấn an tinh thần, khai sáng tâm trí.\n\nGiá trị văn hóa và nghệ thuật:\nBộ tượng mang đậm tính triết lý Phật giáo, được thể hiện bằng ngôn ngữ tạo hình cổ truyền và mỹ thuật dân gian – trở thành biểu tượng văn hoá tâm linh rất đặc trưng của Việt Nam.\n\nCảm xúc khơi gợi:\nSự trang nghiêm – tĩnh tại – trường tồn. Bộ tượng giúp người chiêm ngưỡng cảm nhận sự bao dung, trí tuệ và niềm tin vượt thời gian.\n\n4. Yếu tố giới hạn – độc bản\nSố lượng sản xuất:\nLàm giới hạn, mỗi bộ có độ chênh lệch nhẹ về sắc độ sơn, vết loang, thần thái gương mặt – mang tính độc bản cao, không sao chép máy móc.\n\nĐộ hiếm:\nTrên thị trường hiếm có bộ tượng Tam Thế làm hoàn toàn thủ công, xử lý màu cổ tự nhiên, đúng chuẩn Tam ấn – Tam tượng – Tam thời như bản này.\n\n5. Câu chuyện thương hiệu\nNguồn gốc sản xuất:\nXưởng Chạm Vân, chuyên chế tác tượng gỗ giả cổ tâm linh, kế thừa phong cách chùa Việt cổ và các kỹ thuật truyền thống như thếp vàng, sơn mài, khắc tay theo niêm luật Phật giáo.\n\nĐiểm khác biệt thương hiệu:\nKhông tạo hình chỉ để đẹp – mà tạo để giữ thần – giữ đạo. Từng bộ Tam Thế của Chạm Vân đều được chăm chút từ thủ ấn, ánh mắt đến thế ngồi, mang chiều sâu văn hóa và tín ngưỡng.','https://scontent.fhan17-1.fna.fbcdn.net/v/t39.30808-6/511144581_122183399126284018_8396292918662294617_n.jpg?_nc_cat=105&ccb=1-7&_nc_sid=833d8c&_nc_ohc=eCbxZYW4LugQ7kNvwFtwJCg&_nc_oc=AdkfyXc6UmfaHu5bHDDiPwWW-qdU87-eAJzSR6ENgNL-m7o5iUaKlWrRSap69F9Vkb8&_nc_zt=23&_nc_ht=scontent.fhan17-1.fna&_nc_gid=nzxa6bkPdVcXLul855dWUw&oh=00_AfmSKfRHko9GH9xJ19KXYT4bntqbJzfQRYvVldPPdFE38w&oe=693EFA38'),(12,'Bộ Tượng Tam Thế Sơn Mài Giả Cổ  - Size 39cm','b-tng-tam-th-sn-mi-gi-c----size-39cm',8000000.00,'CHAMVAN-TUONG-TAMTHE39BO-1BO',0,'open',0,'2025-12-10 06:40:48.464137','2025-12-10 06:43:43.000000','1. Thông tin cơ bản\nTên sản phẩm: Bộ tượng Tam Thế Phật (Quá khứ – Hiện tại – Vị lai)\nChất liệu: Gỗ thủ công sơn mài giả cổ, điểm thếp vàng loang\n\n2. Đặc điểm nổi bật \nPhong cách thiết kế:\nPhối màu sơn mài nâu – đỏ – vàng theo phong cách giả cổ. Lớp sơn được xử lý loang bạc, bong tróc tự nhiên, kết hợp thếp vàng điểm nhẹ – mang đậm dấu ấn tượng chùa cổ Bắc Bộ.\n\nQuy trình chế tác:\n100% thủ công: từng bức tượng được tạc tay trên gỗ nguyên khối, khắc nếp áo, gương mặt, thủ ấn riêng biệt theo từng vị Phật. Các chi tiết vàng son được thếp và mài bằng tay để tạo hiệu ứng thời gian.\n\nNguồn cảm hứng thiết kế:\nDựa theo triết lý Tam Thế Phật:\n\nA Di Đà (Quá khứ)\n\nThích Ca Mâu Ni (Hiện tại)\n\nDi Lặc (Tương lai)\nBa vị đại diện cho vòng luân chuyển thời gian – trí tuệ – và từ bi vô lượng.\n\n3. Giá trị cảm xúc và phong thủy\nÝ nghĩa phong thủy/tâm linh:\nTam Thế là bộ tượng cực kỳ linh thiêng trong Phật giáo, tượng trưng cho tam thời (quá khứ – hiện tại – vị lai), giúp hóa giải nghiệp lực, ổn định phúc khí, trấn an tinh thần, khai sáng tâm trí.\n\nGiá trị văn hóa và nghệ thuật:\nBộ tượng mang đậm tính triết lý Phật giáo, được thể hiện bằng ngôn ngữ tạo hình cổ truyền và mỹ thuật dân gian – trở thành biểu tượng văn hoá tâm linh rất đặc trưng của Việt Nam.\n\nCảm xúc khơi gợi:\nSự trang nghiêm – tĩnh tại – trường tồn. Bộ tượng giúp người chiêm ngưỡng cảm nhận sự bao dung, trí tuệ và niềm tin vượt thời gian.\n\n4. Yếu tố giới hạn – độc bản\nSố lượng sản xuất:\nLàm giới hạn, mỗi bộ có độ chênh lệch nhẹ về sắc độ sơn, vết loang, thần thái gương mặt – mang tính độc bản cao, không sao chép máy móc.\n\nĐộ hiếm:\nTrên thị trường hiếm có bộ tượng Tam Thế làm hoàn toàn thủ công, xử lý màu cổ tự nhiên, đúng chuẩn Tam ấn – Tam tượng – Tam thời như bản này.\n\n5. Câu chuyện thương hiệu\nNguồn gốc sản xuất:\nXưởng Chạm Vân, chuyên chế tác tượng gỗ giả cổ tâm linh, kế thừa phong cách chùa Việt cổ và các kỹ thuật truyền thống như thếp vàng, sơn mài, khắc tay theo niêm luật Phật giáo.\n\nĐiểm khác biệt thương hiệu:\nKhông tạo hình chỉ để đẹp – mà tạo để giữ thần – giữ đạo. Từng bộ Tam Thế của Chạm Vân đều được chăm chút từ thủ ấn, ánh mắt đến thế ngồi, mang chiều sâu văn hóa và tín ngưỡng.','https://scontent.fhan17-1.fna.fbcdn.net/v/t39.30808-6/520171655_122187317498284018_1720213136573160651_n.jpg?_nc_cat=109&ccb=1-7&_nc_sid=833d8c&_nc_ohc=vqGJqEyWG18Q7kNvwH4GygJ&_nc_oc=AdlGpPhknWeRANvRxTE96o4lkWsXlrm9YW0GGuNpHXu08fenx0pFjYoHoyUi7jV2-dA&_nc_zt=23&_nc_ht=scontent.fhan17-1.fna&_nc_gid=IKtZ5yIsX_2YR_xPb9P7XA&oh=00_AfkoCYm45OlIZsVCMtFghVV2ShAkkw2J5sdHLdQHyXNQ2Q&oe=693EDC8F'),(13,'Tượng Tam Thế Sơn Mài Giả Cổ - 1 Tượng - Size 45cm','tng-tam-th-sn-mi-gi-c---1-tng---size-45cm',4000000.00,'CHAMVAN-TUONG-TAMTHE45LE-1CAI',0,'open',0,'2025-12-10 06:47:23.678640','2025-12-10 06:47:23.678640','1. Thông tin cơ bản\nTên sản phẩm: Bộ tượng Tam Thế Phật (Quá khứ – Hiện tại – Vị lai)\nChất liệu: Gỗ thủ công sơn mài giả cổ, điểm thếp vàng loang\n\n2. Đặc điểm nổi bật \nPhong cách thiết kế:\nPhối màu sơn mài nâu – đỏ – vàng theo phong cách giả cổ. Lớp sơn được xử lý loang bạc, bong tróc tự nhiên, kết hợp thếp vàng điểm nhẹ – mang đậm dấu ấn tượng chùa cổ Bắc Bộ.\n\nQuy trình chế tác:\n100% thủ công: từng bức tượng được tạc tay trên gỗ nguyên khối, khắc nếp áo, gương mặt, thủ ấn riêng biệt theo từng vị Phật. Các chi tiết vàng son được thếp và mài bằng tay để tạo hiệu ứng thời gian.\n\nNguồn cảm hứng thiết kế:\nDựa theo triết lý Tam Thế Phật:\n\nA Di Đà (Quá khứ)\n\nThích Ca Mâu Ni (Hiện tại)\n\nDi Lặc (Tương lai)\nBa vị đại diện cho vòng luân chuyển thời gian – trí tuệ – và từ bi vô lượng.\n\n3. Giá trị cảm xúc và phong thủy\nÝ nghĩa phong thủy/tâm linh:\nTam Thế là bộ tượng cực kỳ linh thiêng trong Phật giáo, tượng trưng cho tam thời (quá khứ – hiện tại – vị lai), giúp hóa giải nghiệp lực, ổn định phúc khí, trấn an tinh thần, khai sáng tâm trí.\n\nGiá trị văn hóa và nghệ thuật:\nBộ tượng mang đậm tính triết lý Phật giáo, được thể hiện bằng ngôn ngữ tạo hình cổ truyền và mỹ thuật dân gian – trở thành biểu tượng văn hoá tâm linh rất đặc trưng của Việt Nam.\n\nCảm xúc khơi gợi:\nSự trang nghiêm – tĩnh tại – trường tồn. Bộ tượng giúp người chiêm ngưỡng cảm nhận sự bao dung, trí tuệ và niềm tin vượt thời gian.\n\n4. Yếu tố giới hạn – độc bản\nSố lượng sản xuất:\nLàm giới hạn, mỗi bộ có độ chênh lệch nhẹ về sắc độ sơn, vết loang, thần thái gương mặt – mang tính độc bản cao, không sao chép máy móc.\n\nĐộ hiếm:\nTrên thị trường hiếm có bộ tượng Tam Thế làm hoàn toàn thủ công, xử lý màu cổ tự nhiên, đúng chuẩn Tam ấn – Tam tượng – Tam thời như bản này.\n\n5. Câu chuyện thương hiệu\nNguồn gốc sản xuất:\nXưởng Chạm Vân, chuyên chế tác tượng gỗ giả cổ tâm linh, kế thừa phong cách chùa Việt cổ và các kỹ thuật truyền thống như thếp vàng, sơn mài, khắc tay theo niêm luật Phật giáo.\n\nĐiểm khác biệt thương hiệu:\nKhông tạo hình chỉ để đẹp – mà tạo để giữ thần – giữ đạo. Từng bộ Tam Thế của Chạm Vân đều được chăm chút từ thủ ấn, ánh mắt đến thế ngồi, mang chiều sâu văn hóa và tín ngưỡng.','https://scontent.fhan17-1.fna.fbcdn.net/v/t39.30808-6/510994033_122183342360284018_4454348872832967866_n.jpg?_nc_cat=102&ccb=1-7&_nc_sid=127cfc&_nc_ohc=upGZ_mTVuYcQ7kNvwHj9e9V&_nc_oc=AdkK2lbsDunC5d_6h_cpyk9IS2uFf36ev4McDKeqAVTQ8DwX8i7eIA5DsYm3U0q48OM&_nc_zt=23&_nc_ht=scontent.fhan17-1.fna&_nc_gid=ZY8VvYQhNh6zmxo7A4hgQQ&oh=00_AflyYAO-ue2LCl-0OSUGug6FdUCvE_UY4NQtrW66XwkFuQ&oe=693F045E'),(14,'Bộ Tượng Tam Thế  Sơn Mài Giả Cổ - Size 45cm','b-tng-tam-th--sn-mi-gi-c---size-45cm',10000000.00,'CHAMVAN-TUONG-TAMTHE45BO-1BO',0,'open',0,'2025-12-10 06:51:18.210488','2025-12-10 06:51:18.210488','1. Thông tin cơ bản\nTên sản phẩm: Bộ tượng Tam Thế Phật (Quá khứ – Hiện tại – Vị lai)\nChất liệu: Gỗ thủ công sơn mài giả cổ, điểm thếp vàng loang\n\n2. Đặc điểm nổi bật \nPhong cách thiết kế:\nPhối màu sơn mài nâu – đỏ – vàng theo phong cách giả cổ. Lớp sơn được xử lý loang bạc, bong tróc tự nhiên, kết hợp thếp vàng điểm nhẹ – mang đậm dấu ấn tượng chùa cổ Bắc Bộ.\n\nQuy trình chế tác:\n100% thủ công: từng bức tượng được tạc tay trên gỗ nguyên khối, khắc nếp áo, gương mặt, thủ ấn riêng biệt theo từng vị Phật. Các chi tiết vàng son được thếp và mài bằng tay để tạo hiệu ứng thời gian.\n\nNguồn cảm hứng thiết kế:\nDựa theo triết lý Tam Thế Phật:\n\nA Di Đà (Quá khứ)\n\nThích Ca Mâu Ni (Hiện tại)\n\nDi Lặc (Tương lai)\nBa vị đại diện cho vòng luân chuyển thời gian – trí tuệ – và từ bi vô lượng.\n\n3. Giá trị cảm xúc và phong thủy\nÝ nghĩa phong thủy/tâm linh:\nTam Thế là bộ tượng cực kỳ linh thiêng trong Phật giáo, tượng trưng cho tam thời (quá khứ – hiện tại – vị lai), giúp hóa giải nghiệp lực, ổn định phúc khí, trấn an tinh thần, khai sáng tâm trí.\n\nGiá trị văn hóa và nghệ thuật:\nBộ tượng mang đậm tính triết lý Phật giáo, được thể hiện bằng ngôn ngữ tạo hình cổ truyền và mỹ thuật dân gian – trở thành biểu tượng văn hoá tâm linh rất đặc trưng của Việt Nam.\n\nCảm xúc khơi gợi:\nSự trang nghiêm – tĩnh tại – trường tồn. Bộ tượng giúp người chiêm ngưỡng cảm nhận sự bao dung, trí tuệ và niềm tin vượt thời gian.\n\n4. Yếu tố giới hạn – độc bản\nSố lượng sản xuất:\nLàm giới hạn, mỗi bộ có độ chênh lệch nhẹ về sắc độ sơn, vết loang, thần thái gương mặt – mang tính độc bản cao, không sao chép máy móc.\n\nĐộ hiếm:\nTrên thị trường hiếm có bộ tượng Tam Thế làm hoàn toàn thủ công, xử lý màu cổ tự nhiên, đúng chuẩn Tam ấn – Tam tượng – Tam thời như bản này.\n\n5. Câu chuyện thương hiệu\nNguồn gốc sản xuất:\nXưởng Chạm Vân, chuyên chế tác tượng gỗ giả cổ tâm linh, kế thừa phong cách chùa Việt cổ và các kỹ thuật truyền thống như thếp vàng, sơn mài, khắc tay theo niêm luật Phật giáo.\n\nĐiểm khác biệt thương hiệu:\nKhông tạo hình chỉ để đẹp – mà tạo để giữ thần – giữ đạo. Từng bộ Tam Thế của Chạm Vân đều được chăm chút từ thủ ấn, ánh mắt đến thế ngồi, mang chiều sâu văn hóa và tín ngưỡng.','https://scontent.fhan17-1.fna.fbcdn.net/v/t39.30808-6/492424736_122174241146284018_8873876483924844018_n.jpg?_nc_cat=104&ccb=1-7&_nc_sid=127cfc&_nc_ohc=J2arwtwxJI0Q7kNvwGeRHm7&_nc_oc=AdnLwdSdWmgv6y0voOf1y2NTJE5YQa3PTWEg9b0f-MtPwDO4Gf0Gdf8swMRA6AP7oFI&_nc_zt=23&_nc_ht=scontent.fhan17-1.fna&_nc_gid=-2AebTBDwyNQ7gbM8RhdUA&oh=00_AfmKLkRR7nHB5hSjT3LbXqV2bGm5q7LT3EW6-54zzVXRMw&oe=693EE2E2'),(15,'Tượng Thiền Sư Sơn Mài Giả Cổ - Size 72cm','tng-thin-s-sn-mi-gi-c---size-72cm',3800000.00,'CHAMVAN-TUONG-THIENSU72-1CAI',3,'open',0,'2025-12-10 06:58:17.187104','2025-12-10 06:58:17.187104','1. Thông tin cơ bản\n- Tên sản phẩm: Tượng Thiền Sư\n- Chất liệu: Gỗ tự nhiên, phủ sơn mài giả cổ\n\n 2. Đặc điểm nổi bật (Product Highlights)\n- Phong cách thiết kế:  \n  Sơn mài giả cổ thủ công, nền màu trầm tối kết hợp xử lý vết bạc thời gian. Thiết kế tối giản, thiền vị, nhấn mạnh vào sự an nhiên và tĩnh lặng.\n\n- Quy trình chế tác:  \n  Thủ công 100%, mỗi chi tiết như nếp áo, nét mặt, tư thế tay đều được các nghệ nhân xử lý thủ công tỉ mỉ và xuống màu tự nhiên theo thời gian.\n\n- Nguồn cảm hứng thiết kế:  \n  Lấy cảm hứng từ hình tượng các vị Thiền sư trong văn hóa Phật giáo Việt Nam và Á Đông, truyền tải tinh thần buông xả, an trú trong hiện tại.\n\n 3. Giá trị cảm xúc và phong thủy\n- Ý nghĩa phong thủy/tâm linh:  \n  Biểu tượng cho sự an lạc nội tâm, trí tuệ tỉnh thức, hóa giải lo âu – phiền não. Đặt trong nhà, phòng thiền hoặc nơi làm việc giúp mang lại nguồn năng lượng tĩnh lặng và minh triết.\n\n- Giá trị văn hóa và nghệ thuật:  \n  Gắn liền với tinh thần thiền học Việt Nam: đơn sơ – thâm trầm – sâu sắc. Đồng thời là sự kế thừa kỹ thuật chế tác tượng Phật và tượng thiền cổ.\n\n- Cảm xúc khơi gợi:  \n  Cảm giác thư thái, buông bỏ áp lực, dẫn dắt tâm hồn người thưởng thức về sự tĩnh tại và thấu hiểu bản thân.\n\n 4. Yếu tố giới hạn – độc bản\n- Số lượng sản xuất:  \n  Giới hạn sản xuất theo từng đợt nhỏ. Mỗi tượng có sự khác biệt nhẹ về vân sơn, màu nền và thần thái – không có bản sao y hoàn toàn.\n\n- Độ hiếm:  \n  Hiếm có dòng tượng Thiền Sư thủ công trên thị trường giữ được tinh thần thiền sâu sắc, lớp sơn mài giả cổ tự nhiên như mẫu này.\n\n 5. Câu chuyện thương hiệu\n- Nguồn gốc sản xuất:  \n  Xưởng Chạm Vân – chuyên dòng tượng thủ công giả cổ, nổi tiếng với tay nghề xử lý sơn mài giả cổ tự nhiên, mang đậm bản sắc Việt Nam.\n\n- Điểm khác biệt thương hiệu:  \n  Đưa nghệ thuật thiền định và mỹ thuật thủ công vào từng sản phẩm, không chỉ tạo ra đồ trang trí, mà là những tác phẩm mang chiều sâu tâm linh và văn hoá.','https://scontent.fhan17-1.fna.fbcdn.net/v/t39.30808-6/499474263_122178827138284018_3808974048099450496_n.jpg?_nc_cat=110&ccb=1-7&_nc_sid=833d8c&_nc_ohc=EmL1wCr8XIQQ7kNvwFOgF29&_nc_oc=AdnPspB15LKQRYJ2XKb3ANL4NlBZAYfajRe_XT3CAnUe0k76PBTR_iEifzF5a2ShEAE&_nc_zt=23&_nc_ht=scontent.fhan17-1.fna&_nc_gid=H3tCJx0qyFua2CDaypU6GQ&oh=00_AfnP-TD2nAAKfkF8yVyy_q4Z2x57fj0gXy5_vW1TFG9Qig&oe=693EE1F5'),(16,'Nghê Việt Sơn Mài Giả Cổ','ngh-vit-sn-mi-gi-c',4800000.00,'CHAMVAN-DECOR-NGHEVIET-1DOI',10,'open',0,'2025-12-10 07:03:18.231310','2025-12-10 07:03:18.231310','1. Thông tin cơ bản\nTên sản phẩm: Nghê Việt\n\nChất liệu: Gỗ mít\n\nPhong cách: Sơn mài cổ – giả cổ truyền thống\n\nKích thước: \n\n2. Đặc điểm nổi bật\nPhong cách thiết kế:\nNghê được khắc họa theo dáng ngồi uy nghiêm, đầu ngẩng cao, miệng mở rộng thể hiện sự canh giữ và trấn áp tà khí. Hình thể chắc khỏe, đường chạm mạnh mẽ, mang hơi hướng linh vật cung đình xưa.\n\nQuy trình chế tác:\nSản phẩm hoàn toàn thủ công từ phôi gỗ đến từng lớp sơn son thếp vàng, được hoàn thiện bởi nghệ nhân làng nghề Hạ Thái. Các chi tiết như bờm, đuôi, vẩy thân… đều được tạo hình nổi và thếp tinh xảo.\n\nNguồn cảm hứng thiết kế:\nLấy cảm hứng từ Nghê truyền thống Việt Nam – linh vật đặc trưng trong văn hóa đình chùa, được coi là biểu tượng bảo hộ, thay rồng – sư tử trong không gian thờ cúng bản địa.\n\n3. Giá trị cảm xúc và phong thủy\nÝ nghĩa phong thủy/tâm linh:\nNghê được xem là linh vật trừ tà, giữ nhà, chiêu tài, thường đặt trước cổng, bàn thờ tổ hoặc không gian trang nghiêm để tăng cường năng lượng bảo hộ.\n\nGiá trị văn hóa và nghệ thuật:\nĐây là sản phẩm phục dựng theo tượng nghê cổ truyền thống, kết hợp mỹ thuật cung đình và dân gian, giúp kết nối với giá trị bản sắc văn hóa Việt.\n\nCảm xúc khơi gợi:\nTượng gợi nên cảm giác tôn nghiêm – bảo vệ – thiêng liêng, đồng thời thể hiện khí chất quyền uy và tinh thần trấn giữ linh địa.\n\n4. Yếu tố giới hạn – độc bản\nSố lượng sản xuất: Giới hạn\n\nĐộ hiếm:\nMỗi cặp nghê là một bản thủ công duy nhất, tạo từ gỗ nguyên khối, phủ sơn mài cổ – không sản xuất đại trà.\n\n5. Câu chuyện thương hiệu\nNguồn gốc sản xuất:\nChế tác tại xưởng Chạm Vân – làng nghề sơn mài Hạ Thái, nơi giữ gìn kỹ thuật giả cổ thủ công truyền thống.\n\nĐiểm khác biệt thương hiệu:\nChạm Vân không chỉ phục dựng dáng nghê cổ chính xác, mà còn kết hợp tinh tế giữa kỹ thuật sơn thếp, tạo màu thời gian, bố cục tôn quý… tạo nên khí chất linh vật vừa mỹ thuật, vừa linh thiêng – hiếm gặp trên thị trường hiện nay.','https://scontent.fhan17-1.fna.fbcdn.net/v/t39.30808-6/497459505_122177615234284018_6309761953188986597_n.jpg?_nc_cat=111&ccb=1-7&_nc_sid=833d8c&_nc_ohc=XJoE3YCraMEQ7kNvwELktaW&_nc_oc=Adm346Rf4KCjMbxBnWsnUKx1pr17IBChCkGZztkg7RKwPcoc56Ns_QAf5uO4RCeGzIU&_nc_zt=23&_nc_ht=scontent.fhan17-1.fna&_nc_gid=XT5nLhlV0paBPnEPQEY8xw&oh=00_Afm3nsMKzyPgV1Vsp4hYMwNLOz_n3Zf3-xK6MEtHoh8-3Q&oe=693EF305'),(17,'Ngựa Gỗ Xanh Ngọc Sơn Mài Giả Cổ - 1  Con -  Size 40cm','nga-g-xanh-ngc-sn-mi-gi-c---1--con----size-40cm',2500000.00,'CHAMVAN-DECOR-NGUAGOXANH40LE-1CON',0,'open',0,'2025-12-10 07:07:28.458117','2025-12-10 07:14:38.000000','1. Thông tin cơ bản\nTên sản phẩm: Ngựa gỗ giả cổ\nChất liệu: Gỗ tự nhiên, xử lý giả cổ thủ công, màu sắc lấy ý tưởng từ màu xanh ngọc.\n\n2. Đặc điểm nổi bật (Product Highlights)\nPhong cách thiết kế:\nDáng ngựa đứng tĩnh, thân ngắn vững chắc, tạo hình thủ công mộc mạc theo phong cách tượng dân gian Việt cổ. Phối màu đen xám – bạc – trắng theo kỹ thuật chà thủ công, lộ vân gỗ và hiệu ứng giả cổ thời gian sống động.\n\nQuy trình chế tác:\nMỗi tượng ngựa được đục tay 100%, không chạy máy CNC, hoàn thiện bằng cách mài – đánh giấy – nhuộm màu – cào vân và xuống màu theo quy trình riêng biệt. Đặc biệt phần đầu ngựa, mũi, tai, dây cương và các chi tiết đeo cổ đều được khắc thủ công rõ ràng, có hồn.\n\nNguồn cảm hứng thiết kế:\nLấy cảm hứng từ hình tượng ngựa gỗ chầu linh trong đình làng – chùa chiền hoặc ngựa lễ truyền thống của người Việt, kết hợp với dáng đơn giản hoá để ứng dụng dễ trong không gian hiện đại.\n\n3. Giá trị cảm xúc và phong thủy\nÝ nghĩa phong thủy/tâm linh:\nNgựa là biểu tượng của sự bền bỉ – kiên cường – mang lộc về nhà. Trong phong thủy, tượng ngựa giúp tăng sinh khí, hỗ trợ công danh – tài lộc – nhất là cho người kinh doanh hoặc làm quản lý.\n\nGiá trị văn hóa và nghệ thuật:\nDòng ngựa này không thiên về kiểu “ngựa Tây – chiến mã” mà thể hiện tinh thần mộc – cổ – thuần Việt, phù hợp cả không gian thiền – nhà gỗ – homestay – hay phòng khách mang hơi hướng truyền thống.\n\nCảm xúc khơi gợi:\nMộc mạc – trầm tĩnh – gợi nhớ thôn quê xưa hoặc những không gian đình làng cổ. Sự giản dị ấy tạo nên cảm giác “bình an có hồn” chứ không phải sự hoành tráng sáo rỗng.\n\n4. Yếu tố giới hạn – độc bản\nSố lượng sản xuất:\nLàm thủ công từng tượng một, mỗi chiếc có nét chà màu, cào xước, loang bạc khác nhau – không có cái thứ hai giống y hệt.\n\nĐộ hiếm:\nKhó tìm được dòng ngựa chuẩn phong cách Việt giả cổ, không bị Trung Hoa hóa, không hiện đại hóa lòe loẹt. Đặc biệt được ưa chuộng bởi người chơi gu “ẩn” – sâu – nghệ”.\n\n5. Câu chuyện thương hiệu\nNguồn gốc sản xuất:\nXưởng Chạm Vân – đơn vị chuyên tạo hình tượng mộc truyền thống – phục dựng dáng tượng dân gian Việt theo lối điêu khắc thủ công xưa, tôn trọng vân gỗ, tinh thần đồ cũ và kỹ thuật giả cổ chân phương.\n\nĐiểm khác biệt thương hiệu:\nNgựa không chỉ để ngắm – mà mang linh hồn văn hóa Việt. Mỗi tượng là một dòng chảy thời gian thu nhỏ – bền, có thần, và sống cùng không gian.','https://scontent.fhan17-1.fna.fbcdn.net/v/t39.30808-6/535002575_122191554992284018_1291866883552161020_n.jpg?_nc_cat=107&ccb=1-7&_nc_sid=833d8c&_nc_ohc=WcQ_w7kMpKUQ7kNvwH7CWwu&_nc_oc=AdnMg8jhFWvdhE6xJ-LGr2jnrdrbLueHhwSLPu0MH-QjtL-Ekg_Hv56vODISzqoUMeM&_nc_zt=23&_nc_ht=scontent.fhan17-1.fna&_nc_gid=oEC8M5F5kb8RITzyBKCsEg&oh=00_AflJXq1NeSTC-3Fg2kWgIMplh_UZ53RtNBiM7oX6qg40uw&oe=693EF156'),(18,'Ngựa Gỗ Đen Sơn Mài Giả Cổ -1  con - Size 50cm','nga-g-en-sn-mi-gi-c--1--con---size-50cm',2000000.00,'CHAMVAN-DECOR-NGUAGOXANH40DOI-1DOI',0,'open',0,'2025-12-10 07:14:01.611728','2025-12-10 07:14:25.000000','1. Thông tin cơ bản\nTên sản phẩm: Ngựa gỗ giả cổ\nChất liệu: Gỗ tự nhiên, xử lý giả cổ thủ công\n\n2. Đặc điểm nổi bật (Product Highlights)\nPhong cách thiết kế:\nDáng ngựa đứng tĩnh, thân ngắn vững chắc, tạo hình thủ công mộc mạc theo phong cách tượng dân gian Việt cổ. Phối màu đen xám – bạc – trắng theo kỹ thuật chà thủ công, lộ vân gỗ và hiệu ứng giả cổ thời gian sống động.\n\nQuy trình chế tác:\nMỗi tượng ngựa được đục tay 100%, không chạy máy CNC, hoàn thiện bằng cách mài – đánh giấy – nhuộm màu – cào vân và xuống màu theo quy trình riêng biệt. Đặc biệt phần đầu ngựa, mũi, tai, dây cương và các chi tiết đeo cổ đều được khắc thủ công rõ ràng, có hồn.\n\nNguồn cảm hứng thiết kế:\nLấy cảm hứng từ hình tượng ngựa gỗ chầu linh trong đình làng – chùa chiền hoặc ngựa lễ truyền thống của người Việt, kết hợp với dáng đơn giản hoá để ứng dụng dễ trong không gian hiện đại.\n\n3. Giá trị cảm xúc và phong thủy\nÝ nghĩa phong thủy/tâm linh:\nNgựa là biểu tượng của sự bền bỉ – kiên cường – mang lộc về nhà. Trong phong thủy, tượng ngựa giúp tăng sinh khí, hỗ trợ công danh – tài lộc – nhất là cho người kinh doanh hoặc làm quản lý.\n\nGiá trị văn hóa và nghệ thuật:\nDòng ngựa này không thiên về kiểu “ngựa Tây – chiến mã” mà thể hiện tinh thần mộc – cổ – thuần Việt, phù hợp cả không gian thiền – nhà gỗ – homestay – hay phòng khách mang hơi hướng truyền thống.\n\nCảm xúc khơi gợi:\nMộc mạc – trầm tĩnh – gợi nhớ thôn quê xưa hoặc những không gian đình làng cổ. Sự giản dị ấy tạo nên cảm giác “bình an có hồn” chứ không phải sự hoành tráng sáo rỗng.\n\n4. Yếu tố giới hạn – độc bản\nSố lượng sản xuất:\nLàm thủ công từng tượng một, mỗi chiếc có nét chà màu, cào xước, loang bạc khác nhau – không có cái thứ hai giống y hệt.\n\nĐộ hiếm:\nKhó tìm được dòng ngựa chuẩn phong cách Việt giả cổ, không bị Trung Hoa hóa, không hiện đại hóa lòe loẹt. Đặc biệt được ưa chuộng bởi người chơi gu “ẩn” – sâu – nghệ”.\n\n5. Câu chuyện thương hiệu\nNguồn gốc sản xuất:\nXưởng Chạm Vân – đơn vị chuyên tạo hình tượng mộc truyền thống – phục dựng dáng tượng dân gian Việt theo lối điêu khắc thủ công xưa, tôn trọng vân gỗ, tinh thần đồ cũ và kỹ thuật giả cổ chân phương.\n\nĐiểm khác biệt thương hiệu:\nNgựa không chỉ để ngắm – mà mang linh hồn văn hóa Việt. Mỗi tượng là một dòng chảy thời gian thu nhỏ – bền, có thần, và sống cùng không gian.','https://scontent.fhan17-1.fna.fbcdn.net/v/t39.30808-6/515400737_122185100654284018_3289957891669091112_n.jpg?_nc_cat=105&ccb=1-7&_nc_sid=833d8c&_nc_ohc=OoBuQ1yIz7IQ7kNvwFLqE_t&_nc_oc=AdlznedZgpb5BDcJCGTkEmzK2YechGnn8_O1XvtAtW1c_l9q7BJX2J09JRB2IGo4fJw&_nc_zt=23&_nc_ht=scontent.fhan17-1.fna&_nc_gid=YKtAkqdpmMkOBAcbgvTFuw&oh=00_AfncAkgnwfpGd6_6oVvj9g7QkxLtr74WqVOQbFmDyTqvUw&oe=693F0B13'),(19,'Tiên Nữ Xanh Sơn Mài Giả Cổ','tin-n-xanh-sn-mi-gi-c',2200000.00,'CHAMVAN-TUONG-TIENNUXANH-1DOI',0,'open',0,'2025-12-10 07:18:25.810700','2025-12-10 07:18:25.810700','1. Thông tin cơ bản\nTên sản phẩm: Tiên nữ dâng quả & dâng lễ\n\nChất liệu: Gỗ tự nhiên phủ sơn ta truyền thống\n\nPhong cách: Sơn mài cổ – tượng cung đình dân gian\n\nKích thước:\n\n2. Đặc điểm nổi bật\nPhong cách thiết kế:\nHai pho tượng khắc họa hình ảnh tiên nữ mặc áo dài khăn vấn, tay nâng mâm lễ vật – một bên là tráp quả (đào), một bên là tráp vàng. Gương mặt phúc hậu, nét tạc mềm mại gợi cảm giác thanh tịnh – cung kính.\n\nQuy trình chế tác:\nLàm hoàn toàn thủ công bởi nghệ nhân làng sơn mài Hạ Thái. Trải qua các công đoạn: đục khối – tạo hình – bả sơn – sơn phủ – mài mịn – dặm giả cổ. Lớp sơn được cố tình làm rạn, tạo dấu ấn thời gian đặc trưng.\n\nNguồn cảm hứng thiết kế:\nLấy cảm hứng từ hình tượng thị nữ, tiên nữ trong lễ nghi dân gian – cung đình xưa. Phiên bản được cách điệu nhẹ nhàng, gần gũi nhưng vẫn giữ được vẻ nghi lễ trang trọng.\n\n3. Giá trị cảm xúc và phong thủy\nÝ nghĩa phong thủy/tâm linh:\nTráp quả và tráp lễ tượng trưng cho sung túc – trường thọ – viên mãn. Đặt cặp tiên nữ giúp tăng cường phúc khí, khơi gợi năng lượng tích cực và mang lại sự bình an – hạnh phúc.\n\nGiá trị văn hóa và nghệ thuật:\nGợi nhớ hình ảnh cung đình, nghi lễ dân gian thời xưa. Sự kết hợp giữa mỹ học lễ nghi và kỹ thuật sơn mài cổ tạo nên chiều sâu nghệ thuật riêng biệt.\n\nCảm xúc khơi gợi:\nVẻ đẹp dịu dàng, thanh khiết. Sự trân trọng truyền thống – mang đến cảm giác ấm áp, thiêng liêng và sang trọng cho không gian.\n\n4. Yếu tố giới hạn – độc bản\nSố lượng sản xuất:\nLàm thủ công giới hạn theo từng bộ – mỗi bộ có đường vân rạn, màu giả cổ riêng biệt.\n\nĐộ hiếm:\nHiếm có trên thị trường các mẫu tiên nữ gỗ sơn mài cổ được chế tác tinh xảo và mang giá trị trưng bày – tâm linh song hành như vậy.\n\n5. Câu chuyện thương hiệu\nNguồn gốc sản xuất:\nSản xuất tại Chạm Vân – xưởng thủ công sơn mài thuộc làng nghề Hạ Thái nổi tiếng, với hơn 200 năm truyền thống.\n\nĐiểm khác biệt thương hiệu:\nChạm Vân không chỉ tái hiện hình thức, mà còn “chạm” tới chiều sâu văn hóa – đưa hình ảnh tiên nữ truyền thống hòa vào không gian hiện đại bằng ngôn ngữ nghệ thuật đặc trưng: mộc – rạn – tĩnh – sang.','https://scontent.fhan17-1.fna.fbcdn.net/v/t39.30808-6/532591560_122191557656284018_2900684475026621404_n.jpg?_nc_cat=100&ccb=1-7&_nc_sid=833d8c&_nc_ohc=kwk_9HUU-rQQ7kNvwHQoLU8&_nc_oc=Adnr9X6P9dFVq1QDmtQzC9UAJfHJrS6NaeoEly4Gcagwl1Dv2D4fwuHZ1ph4R0sMehg&_nc_zt=23&_nc_ht=scontent.fhan17-1.fna&_nc_gid=8tOMIVz10D4F-LOalBN9yQ&oh=00_Afle3jmNH7UdlSHY-Y6-fYTHXdXw4HBqy_uZtMe1Qzhw4A&oe=693EF4A8'),(20,'Tiên Nữ Đỏ Sơn Mài Giả Cổ','tin-n--sn-mi-gi-c',2200000.00,'CHAMVAN-TUONG-TIENNUVANG-1DOI',0,'open',0,'2025-12-10 07:20:45.860335','2025-12-10 07:20:45.860335','1. Thông tin cơ bản\nTên sản phẩm: Tiên nữ dâng quả & dâng lễ\n\nChất liệu: Gỗ tự nhiên phủ sơn ta truyền thống\n\nPhong cách: Sơn mài cổ – tượng cung đình dân gian\n\nKích thước:\n\n2. Đặc điểm nổi bật\nPhong cách thiết kế:\nHai pho tượng khắc họa hình ảnh tiên nữ mặc áo dài khăn vấn, tay nâng mâm lễ vật – một bên là tráp quả (đào), một bên là tráp vàng. Gương mặt phúc hậu, nét tạc mềm mại gợi cảm giác thanh tịnh – cung kính.\n\nQuy trình chế tác:\nLàm hoàn toàn thủ công bởi nghệ nhân làng sơn mài Hạ Thái. Trải qua các công đoạn: đục khối – tạo hình – bả sơn – sơn phủ – mài mịn – dặm giả cổ. Lớp sơn được cố tình làm rạn, tạo dấu ấn thời gian đặc trưng.\n\nNguồn cảm hứng thiết kế:\nLấy cảm hứng từ hình tượng thị nữ, tiên nữ trong lễ nghi dân gian – cung đình xưa. Phiên bản được cách điệu nhẹ nhàng, gần gũi nhưng vẫn giữ được vẻ nghi lễ trang trọng.\n\n3. Giá trị cảm xúc và phong thủy\nÝ nghĩa phong thủy/tâm linh:\nTráp quả và tráp lễ tượng trưng cho sung túc – trường thọ – viên mãn. Đặt cặp tiên nữ giúp tăng cường phúc khí, khơi gợi năng lượng tích cực và mang lại sự bình an – hạnh phúc.\n\nGiá trị văn hóa và nghệ thuật:\nGợi nhớ hình ảnh cung đình, nghi lễ dân gian thời xưa. Sự kết hợp giữa mỹ học lễ nghi và kỹ thuật sơn mài cổ tạo nên chiều sâu nghệ thuật riêng biệt.\n\nCảm xúc khơi gợi:\nVẻ đẹp dịu dàng, thanh khiết. Sự trân trọng truyền thống – mang đến cảm giác ấm áp, thiêng liêng và sang trọng cho không gian.\n\n4. Yếu tố giới hạn – độc bản\nSố lượng sản xuất:\nLàm thủ công giới hạn theo từng bộ – mỗi bộ có đường vân rạn, màu giả cổ riêng biệt.\n\nĐộ hiếm:\nHiếm có trên thị trường các mẫu tiên nữ gỗ sơn mài cổ được chế tác tinh xảo và mang giá trị trưng bày – tâm linh song hành như vậy.\n\n5. Câu chuyện thương hiệu\nNguồn gốc sản xuất:\nSản xuất tại Chạm Vân – xưởng thủ công sơn mài thuộc làng nghề Hạ Thái nổi tiếng, với hơn 200 năm truyền thống.\n\nĐiểm khác biệt thương hiệu:\nChạm Vân không chỉ tái hiện hình thức, mà còn “chạm” tới chiều sâu văn hóa – đưa hình ảnh tiên nữ truyền thống hòa vào không gian hiện đại bằng ngôn ngữ nghệ thuật đặc trưng: mộc – rạn – tĩnh – sang.','https://scontent.fhan17-1.fna.fbcdn.net/v/t39.30808-6/508824871_122182492652284018_4335539283658003260_n.jpg?_nc_cat=100&ccb=1-7&_nc_sid=833d8c&_nc_ohc=oSwDlS8j3hMQ7kNvwHAbpmk&_nc_oc=AdnUkYsteejSkMXaPzLs-tUkvu6eiv-puWdmMhRrjf9FdOMxajEWEBdYTdGTBwvr9ew&_nc_zt=23&_nc_ht=scontent.fhan17-1.fna&_nc_gid=VnTdbLEfvAO-7lErwL5J_w&oh=00_AfmtIvE33vRa-RuASAEt4Bm1TaKKFZD6ZOAqC14r9xKtyw&oe=693F0945'),(21,'Tễu ôm Cá Chép Sơn Mài Giả Cổ','tu-m-c-chp-sn-mi-gi-c',2200000.00,'CHAMVAN-TUONG-TEUCACHEP-1DOI',0,'open',0,'2025-12-10 07:23:07.552174','2025-12-10 07:23:07.552174','1. Thông tin cơ bản\nTên sản phẩm: Tượng Tễu ôm Cá Chép\n\nChất liệu: Gỗ mít\n\nPhong cách: Dân gian truyền thống – giả cổ\n\nKích thước: \n\n2. Đặc điểm nổi bật\nPhong cách thiết kế:\nHình tượng nhân vật Tễu trong rối nước – gương mặt vui tươi, mộc mạc, chân chất. Cá chép được tạo hình nổi bật với chi tiết vẩy sơn vàng đỏ óng ánh, ôm trọn trong vòng tay Tễu.\n\nQuy trình chế tác:\nTượng được chế tác 100% thủ công: từ tạo phôi gỗ, đục hình, sơn phủ nhiều lớp, cho tới vẽ màu và tạo hiệu ứng giả cổ. Lớp sơn bóng nhẹ giúp giữ màu lâu, tôn vẻ dân gian nhưng bền bỉ.\n\nNguồn cảm hứng thiết kế:\nLấy cảm hứng từ nghệ thuật rối nước truyền thống – hình ảnh chú Tễu tượng trưng cho tiếng cười dân dã, nay kết hợp với Cá Chép – biểu tượng vượt vũ môn, tạo nên hàm ý phúc lộc – thành công.\n\n3. Giá trị cảm xúc và phong thủy\nÝ nghĩa phong thủy/tâm linh:\nCá chép trong văn hóa Á Đông tượng trưng cho tài lộc – thăng tiến – công danh. Kết hợp với hình tượng Tễu tạo ra năng lượng tích cực, gợi sự may mắn, vui vẻ và hanh thông.\n\nGiá trị văn hóa và nghệ thuật:\nTượng là sự kết hợp giữa mỹ thuật dân gian – thủ công làng nghề – văn hoá biểu tượng truyền thống, mang đậm tinh thần “gìn giữ bản sắc Việt”.\n\nCảm xúc khơi gợi:\nHài hước, duyên dáng, tạo cảm giác gần gũi, dễ thương. Khi đặt trong nhà hay tiệm quán, tượng mang đến không khí thân thiện, ấm áp, đón chào.\n\n4. Yếu tố giới hạn – độc bản\nSố lượng sản xuất: Hạn chế theo đợt, từng mẫu có sai biệt nhẹ do làm thủ công.\n\nĐộ hiếm: Không phổ biến trên thị trường đại trà – là dòng tượng dân gian cao cấp, có tính sưu tầm và độc bản theo từng màu sắc – kiểu tạo hình.\n\n5. Câu chuyện thương hiệu\nNguồn gốc sản xuất:\nSản phẩm được hoàn thiện tại xưởng Chạm Vân – thuộc làng nghề sơn mài Hạ Thái với lịch sử truyền đời hơn 30 năm.\n\nĐiểm khác biệt thương hiệu:\nChạm Vân giữ nguyên hồn Việt trong tạo hình Tễu, đồng thời nâng cấp bằng kỹ thuật sơn mài giả cổ, phối màu phong thủy và tư duy trưng bày hiện đại – giúp tượng không chỉ để chơi, mà còn có giá trị phong thủy và nghệ thuật ứng dụng cao.','https://scontent.fhan17-1.fna.fbcdn.net/v/t39.30808-6/495178882_122176671674284018_3629298999777291910_n.jpg?_nc_cat=102&ccb=1-7&_nc_sid=833d8c&_nc_ohc=kRyQ7sRd6NsQ7kNvwGV38uz&_nc_oc=AdlDq9k8C0vaBAbZbLE7JDsGnglRCI1Up5zit_qp1Dp7BY9fhVUpDbPD9UYvWO0tVW8&_nc_zt=23&_nc_ht=scontent.fhan17-1.fna&_nc_gid=5LSYihJu_448f2GpE-idSg&oh=00_AflbSmWjmRsj189Cp7HItrv_JGM5PrRR_KUEpX1fXMWgSw&oe=693EEA02'),(22,'Tễu Ôm Chóe Sơn Mài Giả Cổ','tu-m-che-sn-mi-gi-c',2200000.00,'CHAMVAN-TUONG-TEUCHOE-1DOI',0,'open',0,'2025-12-10 07:25:35.438132','2025-12-10 07:43:17.000000','1. Thông tin cơ bản\nTên sản phẩm: Tễu Ôm Chóe (Tễu Chóe)\n\nChất liệu: Gỗ tự nhiên, sơn son thếp vàng, hoàn thiện bằng kỹ thuật sơn mài giả cổ\n\nPhong cách: Dân gian truyền thống – tượng trò múa rối\n\nKích thước:\n\n2. Đặc điểm nổi bật\nPhong cách thiết kế:\nHình tượng nhân vật tễu (phỗng) đứng thẳng, nét mặt hân hoan, mặc trang phục truyền thống sơn màu giả cổ. Trên tay ôm chóe vàng (hũ đựng lễ – biểu tượng của cải vật chất), thể hiện trạng thái cung kính – dâng lễ.\n\nQuy trình chế tác:\nTượng được đục tay từ gỗ liền khối, phủ sơn lót – sơn son – thếp vàng, tạo vân nứt tự nhiên bằng kỹ thuật sơn mài giả cổ.\n\nNguồn cảm hứng thiết kế:\nLấy cảm hứng từ nhân vật Tễu dân gian trong các nghi lễ cung đình và trò diễn múa rối xưa, kết hợp hình tượng người dâng chóe trong nghi lễ tiến lễ, tế tự.\n\n3. Giá trị cảm xúc và phong thủy\nÝ nghĩa phong thủy/tâm linh:\nChóe vàng là biểu tượng của tiền tài, phúc lộc, vượng khí. Tượng Tễu ôm chóe thể hiện ước vọng dâng cúng tài bảo, thu hút lộc thịnh vượng – sung túc – no đủ cho gia chủ.\n\nGiá trị văn hóa – nghệ thuật:\nPhục dựng hình ảnh nghi lễ xưa dưới góc nhìn dân gian, phản ánh nghệ thuật lễ nghi – diễn xướng Việt Nam cổ truyền.\n\nCảm xúc khơi gợi:\nHân hoan – cung kính – đầy đặn – tròn đầy, mang lại cảm giác vui vẻ, may mắn.\n\n4. Yếu tố giới hạn – độc bản\nSố lượng sản xuất: Sản xuất giới hạn theo từng lô nhỏ, không đại trà\n\nĐộ hiếm: Mỗi sản phẩm có màu sơn, vân giả cổ và thần sắc gương mặt riêng biệt do làm hoàn toàn thủ công\n\n5. Câu chuyện thương hiệu\nNguồn gốc sản xuất:\nLàng nghề Hạ Thái – nơi nổi tiếng với nghề sơn mài truyền thống kết hợp đục tượng gỗ tín ngưỡng.\n\nĐiểm khác biệt thương hiệu:\nTễu Chóe của Chạm Vân không chỉ là hình nhân trang trí, mà là sự tái hiện tinh thần nghi lễ cổ dưới hình thức nghệ thuật giả cổ độc đáo. Giao thoa giữa sự mộc mạc của dân gian và tinh tế của nghệ nhân hiện đại, phù hợp cả không gian thờ tự, trưng bày phong thuỷ hay làm quà tặng cao cấp.','https://scontent.fhan17-1.fna.fbcdn.net/v/t39.30808-6/469533023_122153475902284018_861657750702653968_n.jpg?stp=cp6_dst-jpg_tt6&_nc_cat=104&ccb=1-7&_nc_sid=833d8c&_nc_ohc=WQz5kWPR03MQ7kNvwELEwSc&_nc_oc=Adn9Kux3YY2588RnBFLosSoxB-WmQBQzIK6X_W3GRGOiBnnJ_Ch536nAVVX7Sb5VDsA&_nc_zt=23&_nc_ht=scontent.fhan17-1.fna&_nc_gid=c2zWkanwZdse8kekFXocTw&oh=00_Afl70qGMUQ_9LhhsS-pIRT5xDDxqUi6cHsviqKvGXF7PIA&oe=693EFB59'),(23,'Phỗng Bưng Lộc Sơn Mài Giả Cổ','phng-bng-lc-sn-mi-gi-c',2200000.00,'CHAMVAN-TUONG-TEUOC-1DOI',0,'open',0,'2025-12-10 07:31:24.236811','2025-12-10 07:43:07.000000','1. Thông tin cơ bản\nTên sản phẩm: Phỗng Bưng Lộc\nChất liệu: Gỗ tự nhiên phủ sơn son thếp vàng, sơn mài giả cổ\nPhong cách: Dân gian truyền thống – tượng trò múa rối\n\n2. Đặc điểm nổi bật\nPhong cách thiết kế:\nMặt cười tươi, thân hình đầy đặn, mặc trang phục dân gian nhuộm son đỏ – đen – vàng với kỹ thuật giả cổ đặc trưng. Mỗi tượng cầm một vật phẩm lễ (mâm quả, hộp vàng…), đôi bàn chân trần đặt trên đế gỗ vuông.\n\nQuy trình chế tác:\nLàm thủ công từ gỗ liền khối, được đục tay theo mẫu truyền thống, sau đó sơn lót – sơn son – thếp vàng – phủ sơn mài và xử lý kỹ thuật nứt nẻ giả cổ tự nhiên.\n\nNguồn cảm hứng thiết kế:\nHình tượng nhân vật Phỗng/Tễu từ nghệ thuật múa rối nước Việt Nam, kết hợp phong cách tượng thờ dân gian cung đình thời Lê – Nguyễn.\n\n3. Giá trị cảm xúc và phong thủy\nÝ nghĩa phong thủy/tâm linh:\nPhỗng Bưng Lộc thường được đặt ở không gian thờ – trưng – đón để mang lại niềm vui, may mắn, phồn vinh. Tay cầm lễ vật tượng trưng cho việc “dâng lộc – dâng của” – biểu trưng cho sự tròn đầy, phát đạt.\n\nGiá trị văn hóa – nghệ thuật:\nGắn liền với hồn dân gian Việt, truyền thống lễ nghi, múa rối nước và nghệ thuật tạo hình tượng cổ.\n\nCảm xúc khơi gợi:\nVui tươi – gần gũi – thân thiện – trang nghiêm.\n\n4. Yếu tố giới hạn – độc bản\nSố lượng sản xuất: Giới hạn số lượng nhỏ mỗi đợt, làm theo cặp hoặc bộ\n\nĐộ hiếm: Mỗi sản phẩm có vân sơn và thần sắc gương mặt khác nhau do làm tay hoàn toàn\n\n5. Câu chuyện thương hiệu\nNguồn gốc sản xuất:\nLàng nghề Hạ Thái – nơi gìn giữ tinh hoa chế tác sơn mài, thếp vàng và tạo hình tượng dân gian.\n\nĐiểm khác biệt thương hiệu:\nTượng Phỗng Bưng Lộc của Chạm Vân không chỉ là hình nhân lễ truyền thống, mà còn là biểu tượng mang tính nghệ thuật – văn hóa – phong thủy, phục dựng hình ảnh dân gian trong dáng vẻ sơn mài giả cổ sang trọng, phù hợp cả không gian thờ lẫn decor hiện đại.','https://scontent.fhan17-1.fna.fbcdn.net/v/t39.30808-6/505689020_122181259292284018_2061447320272207546_n.jpg?stp=cp6_dst-jpg_tt6&_nc_cat=111&ccb=1-7&_nc_sid=833d8c&_nc_ohc=GaSBINlm6joQ7kNvwF-q19-&_nc_oc=AdkrCiF5fD1DgmTcavrncQ5dYPU1TGeF-ofdvi8E0XM5UXydhmYW0oMLThfJc03aKaQ&_nc_zt=23&_nc_ht=scontent.fhan17-1.fna&_nc_gid=PCXY3AehMIn_ndyKXz020g&oh=00_Afm27qcI2oQJa3D8CX4XeNjIjwlLZ48FkSB2n9oIatHYlw&oe=693EDEFC'),(24,'Tráp Sắc Phong Sơn Mài Giả Cổ','trp-sc-phong-sn-mi-gi-c',1900000.00,'CHAMVAN-HOP-SACPHONG-1CAI',0,'open',0,'2025-12-10 07:36:12.419730','2025-12-10 07:42:58.000000','1. Thông tin cơ bản\nTên sản phẩm: Tráp Sắc Phong\nChất liệu: Gỗ tự nhiên kết hợp gỗ MDF, phủ sơn son thếp vàng, kết hợp sơn mài giả cổ.\nPhong cách: Cổ điển – tâm linh – giả cổ cung đình\n\nKích thước: ngang 70cm, sâu 15cm, cao 10cm\n\n2. Đặc điểm nổi bật\nPhong cách thiết kế:\nDáng hộp chữ nhật dài, nắp phẳng vát, khóa đồng, chân tráp tạo thế uy nghi. Thiết kế mô phỏng tráp đựng sắc phong trong các triều đại phong kiến, với họa tiết mây lửa – rồng hóa, mang phong thái cung đình xưa.\n\nQuy trình chế tác:\nLàm hoàn toàn thủ công: từ đục khối, ráp mộng, phủ sơn son thếp vàng đến xử lý bề mặt giả cổ. Mỗi lớp sơn được quét tay, đánh bóng và tạo vết thời gian bằng kỹ thuật truyền thống.\n\nNguồn cảm hứng thiết kế:\nLấy cảm hứng từ tráp đựng sắc lệnh vua ban thời Lê – Nguyễn. Đây là hình ảnh biểu trưng cho sự tôn nghiêm, truyền thừa, mang giá trị văn hóa tâm linh sâu sắc.\n\n3. Giá trị cảm xúc và phong thủy\nÝ nghĩa phong thủy/tâm linh:\nTráp Sắc Phong dùng để cất giữ hoặc thờ phụng sắc phong, thư cổ, bài vị tổ tiên – biểu trưng cho sự kính ngưỡng cội nguồn, bảo tồn công đức và gia phong.\n\nGiá trị văn hóa và nghệ thuật:\nTái hiện gần như nguyên bản mỹ thuật của tráp thờ cung đình, đồng thời giữ được tinh thần thủ công làng nghề – nối tiếp giá trị di sản Việt Nam.\n\nCảm xúc khơi gợi:\nGợi sự tôn kính – thiêng liêng – trầm mặc. Khi đặt trong không gian thờ hoặc phòng truyền thống, tráp tạo nên cảm giác tĩnh tại, thành kính và trang nghiêm.\n\n4. Yếu tố giới hạn – độc bản\nSố lượng sản xuất: Có giới hạn, từng đợt nhỏ, mỗi sản phẩm đều có nét riêng.\n\nĐộ hiếm: Tráp sắc phong là dòng cao cấp, không phổ biến trên thị trường do yêu cầu tay nghề cao và quy chuẩn mỹ thuật truyền thống nghiêm ngặt.\n\n5. Câu chuyện thương hiệu\nNguồn gốc sản xuất:\nChế tác tại xưởng Chạm Vân – làng nghề Hạ Thái với hơn 30 năm gìn giữ và phát triển dòng sơn mài giả cổ.\n\nĐiểm khác biệt thương hiệu:\nTráp của Chạm Vân không chỉ là hộp đựng mà là vật phẩm nghi lễ – lưu niệm văn hóa, được làm thủ công từng chi tiết, mang chiều sâu lịch sử và phong cách độc bản, phù hợp cả thờ cúng – trưng bày – sưu tầm.','https://scontent.fhan17-1.fna.fbcdn.net/v/t39.30808-6/499963486_122178180686284018_5643216006978656186_n.jpg?_nc_cat=110&ccb=1-7&_nc_sid=833d8c&_nc_ohc=5oQmnry81X8Q7kNvwG5yFpa&_nc_oc=Adk91kkYUsr4vNjiruNR1XAxbg0nT_ShRXOLMtnifOzjmMlnqPFMmX-sZMsfsFPO1gY&_nc_zt=23&_nc_ht=scontent.fhan17-1.fna&_nc_gid=S-Dc1Xb9-JWJcZ9WLnQ-_A&oh=00_AfkyPFCQ_tfFYvDMP-X8o3XtKjzc-AIhxPa4jk5ywwuotw&oe=693F0650'),(25,'Tráp Thọ Đỉnh Sơn Mài Giả Cổ','trp-th-nh-sn-mi-gi-c',1500000.00,'CHAMVAN-HOP-TRAPTHODINH-1CAI',0,'open',0,'2025-12-10 07:38:01.942328','2025-12-10 07:42:50.000000','1. Thông tin cơ bản\nTên sản phẩm: Tráp Thọ Đỉnh\nChất liệu: Gỗ tự nhiên kết hợp gỗ MDF, phủ sơn son thếp vàng, kết hợp sơn mài giả cổ.\nPhong cách: Cổ điển – cung đình – phong thủy\n\n2. Đặc điểm nổi bật\nPhong cách thiết kế:\nHộp chữ nhật vát nắp, mặt trước chạm chữ Thọ đại tự nổi bật – biểu trưng cho trường thọ, phúc đức. Toàn bộ thân tráp thếp vàng – sơn son, kết hợp đế tráp chạm rồng hoặc hoa văn cung đình, tạo khí chất vương giả và linh thiêng.\n\nQuy trình chế tác:\nLàm thủ công toàn bộ tại xưởng: tạo phôi gỗ, chạm chữ – hoa văn, quét nhiều lớp sơn son, thếp vàng, đánh giả cổ theo kỹ thuật truyền thống. Mỗi sản phẩm cần nhiều ngày hoàn thiện để đảm bảo lớp sơn đạt chiều sâu.\n\nNguồn cảm hứng thiết kế:\nLấy cảm hứng từ tráp lễ phẩm thờ tự trong đình làng và cung đình xưa, kết hợp chữ đại tự “Thọ” mang hàm ý chúc lành, thịnh vượng – thường dùng trong dịp mừng thọ, lễ tết, dâng tiến tổ tiên.\n\n3. Giá trị cảm xúc và phong thủy\nÝ nghĩa phong thủy/tâm linh:\nChữ Thọ tượng trưng cho trường thọ – phúc lộc – gia đạo bền vững. Tráp thường được dùng để đựng đạo sắc, thư cổ, bảo vật thờ hoặc làm vật phẩm dâng tiến tổ tiên – ông bà.\n\nGiá trị văn hóa và nghệ thuật:\nLà sự kết hợp giữa nghệ thuật đại tự Hán Nôm – thủ công sơn mài – mỹ thuật cung đình, thể hiện trình độ và tâm huyết của người nghệ nhân Việt trong từng đường nét.\n\nCảm xúc khơi gợi:\nGợi cảm giác thiêng liêng – trang trọng – bền bỉ theo năm tháng, như một biểu tượng nối dài mạch gia phong từ đời trước sang đời sau.\n\n4. Yếu tố giới hạn – độc bản\nSố lượng sản xuất: Hạn chế, thường làm theo đợt nhỏ phục vụ mùa lễ – cúng tổ – đặt riêng.\n\nĐộ hiếm: Khó tìm thấy trên thị trường sản phẩm có kiểu dáng tương đồng – do yêu cầu chế tác phức tạp, đặc biệt phần chữ chạm nổi và phối màu sơn – thếp không trùng lặp.\n\n5. Câu chuyện thương hiệu\nNguồn gốc sản xuất:\nChế tác tại xưởng Chạm Vân – làng nghề Hạ Thái, nổi danh với kỹ thuật giả cổ, thếp son vàng và phục dựng đồ thờ – đồ lễ truyền thống.\n\nĐiểm khác biệt thương hiệu:\nTráp Thọ Đỉnh của Chạm Vân không chỉ là vật phẩm thờ cúng mà là biểu tượng văn hoá – nghệ thuật – phong thủy độc bản, lưu giữ tinh thần kính tổ – trọng đạo, và gu thẩm mỹ truyền đời.','https://scontent.fhan17-1.fna.fbcdn.net/v/t39.30808-6/495915541_122176088444284018_156311053089451452_n.jpg?_nc_cat=100&ccb=1-7&_nc_sid=833d8c&_nc_ohc=4bdKxP9IxYQQ7kNvwH49TCM&_nc_oc=AdlB1d_7-ZBYP-FXqbPbP51RnSKCNGTeehFW_ngn12ztvzcOCl1Wpfha0b3jcjFy1ss&_nc_zt=23&_nc_ht=scontent.fhan17-1.fna&_nc_gid=HEqpMX-gK3UgsWgq02RgWw&oh=00_AflflzaxkIGvFpNTsO7ql9r0jxtUF_Ifk5kvoxUc-l-C1A&oe=693EEFEE'),(26,'Tráp Tứ Linh Sơn Mài Giả Cổ','trp-t-linh-sn-mi-gi-c',1500000.00,'CHAMVAN-HOP-TRAPTULINH-1CAI',0,'open',0,'2025-12-10 07:42:05.933707','2025-12-10 07:42:42.000000','1. Thông tin cơ bản\nTên sản phẩm: Tráp Tứ Linh\nChất liệu: Gỗ tự nhiên kết hợp gỗ MDF, phủ sơn son thếp vàng, kết hợp sơn mài giả cổ\nPhong cách: Cung đình – tín ngưỡng – phong thủy\n\n2. Đặc điểm nổi bật\nPhong cách thiết kế:\nThân tráp hình hộp chữ nhật, 4 mặt đều chạm nổi hình Tứ Linh: Long – Lân – Quy – Phụng, bố cục cân đối, uy nghiêm. Chân tráp tạo hình đài tôn quý, thể hiện sự trang trọng và tôn kính.\n\nQuy trình chế tác:\nLàm thủ công 100% bởi nghệ nhân làng nghề Hạ Thái: chạm khắc Tứ Linh nổi tinh xảo, thếp vàng điểm nhấn, sơn son và đánh bóng tạo hiệu ứng giả cổ. Mỗi chi tiết đều được làm riêng – không đúc khuôn.\n\nNguồn cảm hứng thiết kế:\nDựa theo hình tượng linh vật cung đình và điêu khắc đình chùa Việt cổ, kết hợp kiểu dáng tráp thờ truyền thống. Tứ Linh biểu trưng cho trời đất – càn khôn – tứ trụ, thường xuất hiện trong nghi lễ, tráp sắc phong, lễ phẩm tiến tổ.\n\n3. Giá trị cảm xúc và phong thủy\nÝ nghĩa phong thủy/tâm linh:\nTứ Linh tượng trưng cho quyền lực – trí tuệ – trường thọ – đức hạnh, tráp mang năng lượng bảo hộ – cát tường – giúp ổn định phong thủy, trấn trạch, cầu tài lộc và gia đạo an yên.\n\nGiá trị văn hóa và nghệ thuật:\nLà sự tổng hòa giữa nghệ thuật điêu khắc cổ truyền – kỹ thuật sơn mài truyền thống – tư duy biểu tượng học phương Đông, mang đậm tinh thần lễ nghi – mỹ học Việt Nam.\n\nCảm xúc khơi gợi:\nTráp gợi sự trang nghiêm – vương giả – linh thiêng, mang đến cảm giác vừa gần gũi tín ngưỡng, vừa cao quý – cổ kính như vật phẩm gia bảo.\n\n4. Yếu tố giới hạn – độc bản\nSố lượng sản xuất: Rất hạn chế, mỗi đợt chỉ vài mẫu – do yêu cầu kỹ thuật chạm và phối màu cao.\n\nĐộ hiếm: Hiếm có trên thị trường đại trà, thường chỉ xuất hiện ở các không gian thờ truyền thống, nhà sưu tầm hoặc khách đặt riêng.\n\n5. Câu chuyện thương hiệu\nNguồn gốc sản xuất:\nChế tác tại xưởng Chạm Vân – làng nghề Hạ Thái, kế thừa nghệ thuật sơn mài – thếp vàng – điêu khắc cổ truyền gần 40 năm.\n\nĐiểm khác biệt thương hiệu:\nTráp Tứ Linh của Chạm Vân không chỉ là vật chứa lễ phẩm, mà là một tác phẩm sưu tầm nghệ thuật – văn hóa – tâm linh, kết hợp hài hòa giữa kỹ thuật làng nghề và tinh thần thờ tự Việt cổ. Mỗi sản phẩm là bản độc bản thể hiện gu thẩm mỹ cao cấp và lòng thành kính với tổ tiên.','https://scontent.fhan17-1.fna.fbcdn.net/v/t39.30808-6/494142910_122176183700284018_8942204136366013473_n.jpg?_nc_cat=109&ccb=1-7&_nc_sid=127cfc&_nc_ohc=YiQBYLbEjHMQ7kNvwE-kPuv&_nc_oc=AdnHvD86mTWsrUMrvbjEAy_HNwlzMYJyUnpuAR7_pwaF4dvoDdcneoFB11ZxWJhV3lE&_nc_zt=23&_nc_ht=scontent.fhan17-1.fna&_nc_gid=-z4Z4VJyrZA00mh6Cwd8TA&oh=00_AfnaV62m17mavUpDFA3KA7bfUqpwtA4B9t2I5KlskjnAIQ&oe=693F0FA4'),(27,'Tráp Vạn Thọ Sơn Mài Giả Cổ','trp-vn-th-sn-mi-gi-c',1500000.00,'CHAMVAN-HOP-TRAPVANTHO-1CAI',0,'open',0,'2025-12-10 07:45:21.436510','2025-12-10 07:45:21.436510','1. Thông tin cơ bản\nTên sản phẩm: Tráp Vạn Thọ\nChất liệu: Gỗ tự nhiên kết hợp gỗ MDF, phủ sơn son thếp vàng, kết hợp sơn mài giả cổ\nPhong cách: Cung đình – tâm linh – trưng bày truyền thống\n\n\n2. Đặc điểm nổi bật\nPhong cách thiết kế:\nTráp hình hộp chữ nhật, mặt trên chạm nổi đại tự chữ \"Vạn Thọ\" – mang ý nghĩa trường tồn, bách niên giai lão. Nắp vát nhẹ, chân đế cách điệu tạo thế vững chãi, tôn nghiêm.\n\nQuy trình chế tác:\nLàm thủ công toàn bộ tại xưởng Chạm Vân: chạm khắc chữ – hoa văn, phủ sơn son – thếp vàng thủ công, tạo vết bong giả cổ bằng kỹ thuật sơn mài truyền thống – giúp sản phẩm có chiều sâu và thần thái cổ kính.\n\nNguồn cảm hứng thiết kế:\nLấy cảm hứng từ các loại tráp lễ phẩm tiến vua – đồ thờ tổ tiên trong đình chùa và nhà thờ họ. Chữ “Vạn Thọ” kết hợp chân tráp tôn quý mang tính biểu tượng cao, thường dùng trong dịp lễ lớn – mừng thọ – tưởng nhớ tổ tiên.\n\n3. Giá trị cảm xúc và phong thủy\nÝ nghĩa phong thủy/tâm linh:\nTráp đại tự “Vạn Thọ” tượng trưng cho phúc thọ tràn đầy – công đức tổ tiên – gia đạo an khang. Là vật phẩm dâng tiến thể hiện lòng hiếu kính và mong cầu thịnh vượng truyền đời.\n\nGiá trị văn hóa và nghệ thuật:\nGắn liền với văn hóa tri ân – thờ tự – hiếu lễ trong mỹ thuật dân gian và nghi lễ truyền thống. Mỗi nét chạm – màu sơn đều thể hiện tinh thần lưu giữ bản sắc Việt.\n\nCảm xúc khơi gợi:\nTrang nghiêm – thành kính – cổ kính. Tráp mang lại cảm giác thiêng liêng, như một lời chúc nguyện bình an – trường thọ – phúc đức lâu bền cho người nhận hoặc không gian thờ.\n\n4. Yếu tố giới hạn – độc bản\nSố lượng sản xuất: Giới hạn, làm theo từng đợt nhỏ – không sản xuất hàng loạt.\n\nĐộ hiếm: Mỗi tráp có vân gỗ, nước sơn và nét chạm riêng, là bản độc bản không trùng lặp. Khó tìm sản phẩm tương đương về cả mỹ thuật và kỹ thuật chế tác ngoài thị trường.\n\n5. Câu chuyện thương hiệu\nNguồn gốc sản xuất:\nChế tác tại xưởng Chạm Vân, trực thuộc làng nghề sơn mài Hạ Thái – nơi lưu giữ kỹ thuật giả cổ truyền thống với hơn 30 năm kinh nghiệm.\n\nĐiểm khác biệt thương hiệu:\nChạm Vân không chỉ làm đồ trưng bày, mà tạo nên tác phẩm nghệ thuật gắn liền văn hóa tâm linh. Tráp Vạn Thọ là sự kết hợp giữa mỹ thuật đại tự, kỹ thuật sơn thếp, và triết lý “hiếu – thọ – phúc” của người Việt, đáp ứng nhu cầu từ trưng bày, cúng tổ cho đến làm quà biếu cao cấp.','https://scontent.fhan17-1.fna.fbcdn.net/v/t39.30808-6/500231466_122179382324284018_8737172955842204985_n.jpg?_nc_cat=107&ccb=1-7&_nc_sid=833d8c&_nc_ohc=3qpFciCD5YIQ7kNvwEcRskV&_nc_oc=AdlAAiGScXmtvfdZUouiEUb5JHKS3ljKbCjQtHNUnPFLWRHg29lGvGYCcQKDje7KG_g&_nc_zt=23&_nc_ht=scontent.fhan17-1.fna&_nc_gid=zRHS1KYBdV7r9zHHg7Spug&oh=00_AfmDc6hQUy2LOdBAq0KDMdImvF9eU--wuBd-rpP07y7kBw&oe=693EFF93'),(28,'Tráp Tiền Sơn Mài Giả Cổ','trp-tin-sn-mi-gi-c',1200000.00,'CHAMVAN-HOP-TRAPTIEN-1CAI',0,'open',0,'2025-12-10 07:47:55.209654','2025-12-10 07:47:55.209654','1. Thông tin cơ bản\nTên sản phẩm: Tráp Tiền – Chữ Thọ Triện\nChất liệu: Gỗ tự nhiên kết hợp gỗ MDF, phủ sơn son thếp vàng, kết hợp sơn mài giả cổ\nPhong cách: Cổ điển cung đình – tín ngưỡng dân gian\n\n2. Đặc điểm nổi bật\nPhong cách thiết kế:\nMang hơi hướng tráp cúng lễ thời Nguyễn, với dáng hộp vuông, nắp kín, chân đế đục kênh bong hoa văn.\n\nMàu sơn: phối giữa sơn nâu son – đen huyền, tạo cảm giác cổ kính – sang trọng.\n\nQuy trình chế tác:\n- Chạm khắc nổi hoa văn chữ Thọ triện thủ công trên nắp – đòi hỏi độ chính xác và kinh nghiệm cao.\n- Sơn mài giả cổ , lớp vân bong tự nhiên ở viền tráp và chân đế – tạo hiệu ứng thời gian, mô phỏng độ mòn tự nhiên.\n- Khoá đồng kiểu cũ, gợi cảm giác \"tráp báu\", niêm phong vật quý.\n\nNguồn cảm hứng thiết kế:\nLấy cảm hứng từ tráp thờ – tráp lễ – tráp tặng phẩm dùng trong văn hóa cung đình xưa.\nBiến thể hiện đại để ứng dụng linh hoạt nhưng vẫn giữ hồn cốt truyền thống.\n\n3. Giá trị cảm xúc và phong thủy\nÝ nghĩa phong thủy – tâm linh:\nChữ Thọ triện tượng trưng cho trường thọ – phúc lành – viên mãn.\n\nDùng tráp để cúng, thờ hoặc đựng tiền vàng, giấy tờ quan trọng mang lại sự vững chãi – linh ứng.\n\nGiá trị văn hóa – nghệ thuật:\nLà biểu tượng của sự tôn kính, trang trọng trong các nghi lễ truyền thống: giỗ tổ, cúng gia tiên, lễ khai xuân…\nKhơi gợi hình ảnh những món lễ vật được nâng niu, cất giữ cẩn trọng trong tráp gỗ xưa.\n\nCảm xúc khơi gợi:\nGợi nên cảm giác trân quý – thanh tịnh – truyền đời.\nKhi mở tráp, người dùng như đang bước vào một nghi thức thiêng liêng – trang nghiêm.\n\n4. Yếu tố giới hạn – độc bản\nSản xuất thủ công – giới hạn mẫu, không đại trà.\n\nMỗi chiếc tráp có họa tiết vân mài – nước sơn riêng biệt, tạo dấu ấn cá nhân, đậm chất sưu tầm.\n\n5. Câu chuyện thương hiệu\nNguồn gốc sản xuất:\nChế tác tại làng nghề sơn mài Hạ Thái, nơi nổi tiếng với kỹ thuật làm sơn ta, mài cổ\n\nĐiểm khác biệt thương hiệu:\nTráp Tiền tại Chạm Vân không chỉ là vật dụng, mà là một phần của văn hóa tín ngưỡng – tâm linh – nghệ thuật sống truyền thống, giao thoa giữa mỹ học xưa và ứng dụng đương đại.','https://scontent.fhan17-1.fna.fbcdn.net/v/t39.30808-6/511195634_122183339426284018_7754984026090278735_n.jpg?_nc_cat=104&ccb=1-7&_nc_sid=833d8c&_nc_ohc=-ATskUSOPO4Q7kNvwGpVlHG&_nc_oc=AdnkRGPZqIeHmVY7iVxY_BNbd-h4NFGkSpPt3i45ujEMSF8o7Ymhj2dm0dqJLyPGl5I&_nc_zt=23&_nc_ht=scontent.fhan17-1.fna&_nc_gid=JbRZ-s3IG1nWybeGzFV9DA&oh=00_AfmyEylpXoG4Mab1FNluCYwvDBWIOFbAaXMki3yCwTRfEA&oe=693EEA70'),(29,'Tráp Ngũ Thọ Sơn Mài Giả Cổ','trp-ng-th-sn-mi-gi-c',1200000.00,'CHAMVAN-HOP-TRAPAN-1CAI',0,'open',0,'2025-12-10 07:50:06.336132','2025-12-10 10:18:52.000000','1. Thông tin cơ bản\n\n Tên sản phẩm: Tráp Ngũ Thọ\n Chất liệu: Gỗ tự nhiên kết hợp gỗ MDF, phủ sơn son thếp vàng, kết hợp sơn mài giả cổ\n Phong cách: Cổ truyền – Tối giản – Sang trọng\n\n 2. Đặc điểm nổi bật\n\n Phong cách thiết kế:\n  Tráp hình khối vuông vững chãi, tượng trưng cho đất – sự bền vững. Mỗi mặt tráp đều nổi bật với họa tiết chữ Thọ dạng triện, được chạm khắc và dát sơn son thếp vàng nổi bật. Đế tráp là phần khung chạm thủ công hoa văn hoa lá hóa rồng uốn lượn, được sơn giả cổ với sắc nâu đỏ sậm – cam cháy, tạo chiều sâu và giá trị thẩm mỹ cao.\n\n Quy trình chế tác:\n  Mỗi chiếc tráp được tạo hình từ gỗ tự nhiên, mài nhẵn và phủ nhiều lớp sơn lót – sơn màu – sơn bóng. Các chi tiết viền, hoa văn, chân đế đều được chạm tay, sau đó phủ màu giả cổ bằng kỹ thuật thủ công truyền thống. Lớp sơn giả cổ có độ loang rạn tự nhiên, gợi cảm giác thời gian và cổ kính.\n\n Nguồn cảm hứng thiết kế:\n  Lấy cảm hứng từ kiến trúc đình chùa cổ, kết hợp biểu tượng chữ Thọ – tượng trưng cho trường thọ, phúc đức – và họa tiết triện vuông cổ điển. Đây là sự kết hợp hài hòa giữa yếu tố mỹ học Đông Á và phong cách trang trí Việt cổ.\n\n 3. Giá trị cảm xúc và phong thủy\n\n Ý nghĩa phong thủy/tâm linh:\n  Biểu tượng chữ Thọ – lặp lại 5 lần (Ngũ Thọ) – mang ý nghĩa cầu chúc trường thọ, sức khỏe, vững bền cho gia đạo. Số 5 còn tượng trưng cho ngũ phúc: phú – quý – thọ – khang – ninh. Tráp không chỉ là vật phẩm cất giữ mà còn là pháp khí phong thủy trong không gian sống và thờ tự.\n\n Giá trị văn hóa và nghệ thuật:\n  Là sản phẩm kết tinh giữa nghệ thuật sơn mài Việt Nam và tinh thần triết học Á Đông, thể hiện sự kính trọng với tổ tiên, với truyền thống \"uống nước nhớ nguồn\", \"kính lão đắc thọ\".\n\n Cảm xúc khơi gợi:\n  Trang nghiêm – hoài cổ – tôn kính. Khi trưng bày tráp, người xem dễ liên tưởng đến không khí trầm mặc của một ngôi nhà cổ, nơi lưu giữ ký ức, giá trị và truyền thống gia đình.\n\n 4. Yếu tố giới hạn – độc bản\n\n Số lượng sản xuất: Sản xuất giới hạn theo từng đợt – mỗi đợt chỉ vài bộ – từng chiếc có sắc rạn và vệt màu riêng biệt\n Độ hiếm: Rất ít nghệ nhân có thể làm được phần chạm triện sắc nét như vậy bằng tay. Đặc biệt, lớp sơn loang và khảm giả cổ ở đế rất khó tái lập đồng nhất.\n\n 5. Câu chuyện thương hiệu\n\n Nguồn gốc sản xuất:\n  Chế tác tại xưởng Chạm Vân – Hà Nội, nơi hội tụ các nghệ nhân gỗ và sơn mài làng nghề truyền thống.\n\n Điểm khác biệt thương hiệu:\n  Chạm Vân không sản xuất hàng loạt – mỗi sản phẩm đều có chiều sâu thẩm mỹ và dấu ấn thủ công riêng biệt. Tráp Ngũ Thọ là dòng tráp thủ công cao cấp nhất, mang tính nghi lễ – phong thủy – thẩm mỹ cao, phù hợp với các không gian như: nhà thờ họ, phòng khách cao cấp, tặng phẩm tri ân, thờ cúng tổ tiên.','https://scontent.fhan17-1.fna.fbcdn.net/v/t39.30808-6/537822462_122192862500284018_7606047182402793730_n.jpg?_nc_cat=103&ccb=1-7&_nc_sid=833d8c&_nc_ohc=dk7hSaey0YcQ7kNvwH6HfMC&_nc_oc=Adnz8TVRiEJYGBD1rGWmMwRgYtXdlvvaqEHDV-Pk5v7hP6XzpIdZ5rrXSvUnERQl4gc&_nc_zt=23&_nc_ht=scontent.fhan17-1.fna&_nc_gid=OM4FG8sGdrJLmCGStds8Kw&oh=00_AfmSz0tRY82TMnAB8aqtCNSXG5jk5N3wR2rwIzwbHtBy-w&oe=693F1433'),(30,'Chữ Phật Tâm Sơn Mài Giả Cổ','ch-pht-tm-sn-mi-gi-c',2500000.00,'CHAMVAN-TRANH-TRANHPHATTAM-1CAI',0,'open',0,'2025-12-10 07:53:08.084115','2025-12-10 07:53:08.084115','Bức hoành phi “Phật Tâm” là một tác phẩm nghệ thuật mang đậm dấu ấn thủ công truyền thống và tinh thần thiền định sâu sắc. Chữ “Phật” và “Tâm” được viết theo lối thư pháp cách điệu, thếp vàng trên nền gỗ sơn mài đen – vừa cổ kính, vừa trang nghiêm. Nét chữ bay bổng nhưng vững chãi, như chính con đường tu tập: nhẹ nhàng, bền bỉ mà sâu lắng.\nKhung tranh được chạm khắc hoàn toàn bằng tay, với các hoạ tiết hoa sen, vân mây, long ẩn kim tiền – những biểu tượng vừa mang ý nghĩa phong thuỷ, vừa thể hiện vẻ đẹp của mỹ thuật Phật giáo truyền thống. Dòng chữ “Tâm hữu Phật” bên cạnh là lời nhắn nhủ nhẹ nhàng mà sâu xa: hãy quay về bên trong, bởi Phật không ở đâu xa, Phật nằm trong chính tâm mình.\nKhông chỉ là vật phẩm trang trí, bức hoành này còn là điểm tựa tinh thần, một nét chạm an yên giữa không gian sống. Dù treo nơi phòng thờ, thiền thất hay góc nhỏ trong nhà, nó đều mang lại cảm giác thanh tịnh, nhắc nhở ta sống chậm, sống sâu, và giữ vững tâm lành.','https://scontent.fhan17-1.fna.fbcdn.net/v/t39.30808-6/492548381_122174406380284018_4191480305603284009_n.jpg?stp=cp6_dst-jpg_tt6&_nc_cat=100&ccb=1-7&_nc_sid=833d8c&_nc_ohc=3zJmONvXnDIQ7kNvwHaVGvy&_nc_oc=AdmNlUpQ7hv456OgNuzMXiNUlooVC4hg3es4G6VmBQ7NPCQds8SkZcqjQmLY5ZCSuVE&_nc_zt=23&_nc_ht=scontent.fhan17-1.fna&_nc_gid=FFViTz2SuBWKkPPV8lnMkQ&oh=00_AfkxNliRHwY1ktzhnRt4F_GQON185X4lRbnqGXAQVEmG8w&oe=693EFD8D'),(31,'Tranh Chữ Tâm Sơn Mài Giả Cổ','tranh-ch-tm-sn-mi-gi-c',2500000.00,'CHAMVAN-TRANH-TRANHCHUTAM-1CAI',0,'open',0,'2025-12-10 07:54:39.069886','2025-12-10 08:04:00.000000','1. Thông tin cơ bản\nTên sản phẩm: Tranh Chữ Tâm Sơn Mài Giả Cổ\nChất liệu: Gỗ tự nhiên (phần khung) kết hợp gỗ MDF (nền tranh), phủ sơn son thếp vàng, kết hợp sơn mài giả cổ.\nPhong cách: Cổ điển cung đình – triết lý sống – thẩm mỹ Á Đông.\n\n2. Đặc điểm nổi bật\nPhong cách thiết kế:\nMang hơi hướng tranh đại tự, nhấn mạnh sự trang trọng và chiều sâu triết lý.\n\nKhung tranh được đục kênh bong hoa văn triện cổ hoặc hoa văn Phúc Lộc, tạo thế vững chãi và trang nghiêm.\n\nMàu sơn: Phối giữa sơn nâu son – đen huyền và nền đỏ thẫm, tôn lên chữ Tâm vàng thếp, tạo cảm giác cổ kính và sâu lắng.\n\nQuy trình chế tác:\nChạm khắc nổi chữ Tâm thư pháp và hoa văn khung thủ công – đòi hỏi độ chính xác và kinh nghiệm cao.\n\nSơn mài giả cổ, lớp vân bong tự nhiên ở viền khung và bề mặt nền tranh – tạo hiệu ứng thời gian, mô phỏng sự lắng đọng của năm tháng.\n\nChữ Tâm được thếp vàng thủ công, mang lại độ sáng nhưng vẫn giữ được vẻ trầm mặc và tĩnh tại.\n\nNguồn cảm hứng thiết kế:\nLấy cảm hứng từ các bức tranh mang triết lý nhân sinh, nhắc nhở về đạo sống và sự hướng thiện.\n\nBiến thể hiện đại để ứng dụng linh hoạt trong không gian làm việc, thiền định, hay phòng trà, nhưng vẫn giữ hồn cốt truyền thống.\n\n3. Giá trị cảm xúc và phong thủy\nÝ nghĩa phong thủy – tâm linh:\nChữ Tâm là trung tâm của mọi hành vi và đạo đức, tượng trưng cho sự thiện lương – chính trực – tĩnh tại.\n\nĐặt tranh ở nơi trang trọng giúp nhắc nhở về sự tu dưỡng nội tâm, mang lại sự bình an và minh triết cho chủ nhân.\n\nGiá trị văn hóa – nghệ thuật:\nLà biểu tượng của triết lý sống sâu sắc, thể hiện sự am hiểu và đề cao giá trị tinh thần của chủ nhân.\n\nKhơi gợi cảm giác về một không gian thanh tịnh, nơi con người có thể chiêm nghiệm và tĩnh tâm.\n\nCảm xúc khơi gợi:\nGợi nên cảm giác trân quý – thanh tịnh – truyền đời và sự tự hào về gu thẩm mỹ nội tâm.\n\nKhi chiêm ngưỡng tranh, người dùng như đang bước vào một không gian chiêm nghiệm cá nhân.\n\n4. Yếu tố giới hạn – độc bản\nSản xuất thủ công – giới hạn mẫu, không đại trà, đảm bảo độ hiếm.\n\nMỗi bức tranh có họa tiết vân mài – nước sơn riêng biệt, tạo dấu ấn cá nhân và giá trị sưu tầm cao.\n\n5. Câu chuyện thương hiệu\nNguồn gốc sản xuất: Chế tác tại làng nghề sơn mài Hạ Thái, nơi nổi tiếng với kỹ thuật làm sơn ta, mài cổ, kỹ thuật sơn mài giả cổ thất truyền.\n\nĐiểm khác biệt thương hiệu: Tranh chữ Tâm tại Chạm Vân không chỉ là vật trang trí, mà là một phần của văn hóa triết lý sống – tâm linh – nghệ thuật sống truyền thống. Đây là một tài sản văn hóa giao thoa giữa mỹ học xưa và ứng dụng đương đại.','https://scontent.fhan17-1.fna.fbcdn.net/v/t39.30808-6/576757588_122203688432284018_7963132706312620782_n.jpg?_nc_cat=100&ccb=1-7&_nc_sid=833d8c&_nc_ohc=0tFdNM_4hpcQ7kNvwH9GSuv&_nc_oc=AdkuSciHENOdh9p1XH33_56gZCFX1079isxyD76o25xoTcw8TgBWP1rLTWjh5_Xlf9o&_nc_zt=23&_nc_ht=scontent.fhan17-1.fna&_nc_gid=ug6gb_lnF05gtWc-FPHmuw&oh=00_AfkkBA3UlLEd5bbHAMePeCbMAk0nkw4RcJtXmgZsNmoNJQ&oe=693EF3C7'),(32,'Tranh Chữ Phúc Sơn Mài Giả Cổ','tranh-ch-phc-sn-mi-gi-c',2500000.00,'CHAMVAN-TRANH-TRANHCHUPHUC-1CAI',0,'open',0,'2025-12-10 08:02:32.130507','2025-12-10 10:15:21.000000','1. Thông tin cơ bản\nTên sản phẩm: Tranh Chữ Phúc Sơn Mài Giả Cổ\nChất liệu: Gỗ tự nhiên kết hợp gỗ MDF, phủ sơn son thếp vàng, kết hợp sơn mài giả cổ.\nPhong cách: Cổ điển cung đình – tín ngưỡng dân gian – thẩm mỹ Á Đông.\n\n2. Đặc điểm nổi bật\nPhong cách thiết kế:\nMang hơi hướng tranh thờ, hoành phi câu đối trong kiến trúc truyền thống.\n\nKhung tranh được đục kênh bong hoa văn Tứ Linh hoặc hoa văn triện cổ, tạo thế vững chãi, trang nghiêm.\n\nMàu sơn: Phối giữa sơn nâu son – đen huyền và nền đỏ gạch, tôn lên chữ Phúc vàng thếp, tạo cảm giác cổ kính – sang trọng và linh thiêng.\n\nQuy trình chế tác:\nChạm khắc nổi chữ Phúc thư pháp và hoa văn khung thủ công – đòi hỏi độ chính xác và kinh nghiệm cao.\n\nSơn mài giả cổ, lớp vân bong tự nhiên ở viền khung và bề mặt nền tranh – tạo hiệu ứng thời gian, mô phỏng độ phong hóa tự nhiên.\n\nChữ Phúc được thếp vàng thủ công, mang lại độ sáng nhưng vẫn giữ được vẻ trầm mặc của sơn mài.\n\nNguồn cảm hứng thiết kế:\nLấy cảm hứng từ các bức tranh thờ, đại tự trong các phủ thờ, từ đường cổ xưa.\n\nBiến thể hiện đại để ứng dụng linh hoạt trong không gian sống, làm việc, nhưng vẫn giữ hồn cốt truyền thống.\n\n3. Giá trị cảm xúc và phong thủy\nÝ nghĩa phong thủy – tâm linh:\nChữ Phúc tượng trưng cho sự Phúc Đức Vẹn Toàn – Hạnh Phúc – Cát Tường – Vượng Khí gia đạo.\n\nĐặt tranh ở nơi trang trọng mang lại sự linh ứng, thu hút tài lộc và bình an, củng cố sự vững chãi cho gia đình.\n\nGiá trị văn hóa – nghệ thuật:\nLà biểu tượng của sự tôn kính, trang trọng, thể hiện sự am hiểu và trân trọng văn hóa truyền thống của chủ nhân.\n\nKhơi gợi hình ảnh những món lễ vật, vật phẩm thờ cúng được nâng niu, cất giữ cẩn trọng trong không gian Việt xưa.\n\nCảm xúc khơi gợi:\nGợi nên cảm giác trân quý – thanh tịnh – truyền đời và niềm tự hào về gu thẩm mỹ.\n\nKhi chiêm ngưỡng tranh, người dùng như đang bước vào một không gian chiêm nghiệm thiêng liêng – trang nghiêm.\n\n4. Yếu tố giới hạn – độc bản\nSản xuất thủ công – giới hạn mẫu, không đại trà, đảm bảo độ hiếm.\n\nMỗi bức tranh có họa tiết vân mài – nước sơn riêng biệt, tạo dấu ấn cá nhân và giá trị sưu tầm cao.\n\n5. Câu chuyện thương hiệu\nNguồn gốc sản xuất: Chế tác tại làng nghề sơn mài Hạ Thái, nơi nổi tiếng với kỹ thuật làm sơn ta, mài cổ, kỹ thuật sơn mài giả cổ thất truyền.\n\nĐiểm khác biệt thương hiệu: Tranh chữ Phúc tại Chạm Vân không chỉ là vật dụng, mà là một phần của văn hóa tín ngưỡng – tâm linh – nghệ thuật sống truyền thống. Đây là một tài sản văn hóa giao thoa giữa mỹ học xưa và ứng dụng đương đại.','https://scontent.fhan17-1.fna.fbcdn.net/v/t39.30808-6/575112398_122203688390284018_5465074760200757672_n.jpg?_nc_cat=106&ccb=1-7&_nc_sid=833d8c&_nc_ohc=QIYe_QCjOzQQ7kNvwFCS63A&_nc_oc=AdniTIP8G4TE5xhIjI9HsEjqryEcHXFIRoJtlse_L0IUFngK93HnjQHh_96sR-paYso&_nc_zt=23&_nc_ht=scontent.fhan17-1.fna&_nc_gid=DwzjvC5PLAMCaMW1-NolbA&oh=00_Afn402T9aivJoq-VtbHhjLU-lRJXGJZywlbJNkF-YKRqHA&oe=693EF283'),(33,'Tranh Chữ Đức Sơn Mài Giả Cổ','tranh-ch-c-sn-mi-gi-c',2500000.00,'CHAMVAN-TRANH-TRANHCHUDUC-1CAI',0,'open',0,'2025-12-10 10:14:15.257941','2025-12-10 10:14:15.257941','1. Thông tin cơ bản\nTên sản phẩm: Tranh Chữ Đức Sơn Mài Giả Cổ\n\nChất liệu: Gỗ tự nhiên (phần khung) kết hợp gỗ MDF (nền tranh), phủ sơn son thếp vàng, kết hợp sơn mài giả cổ.\n\nPhong cách: Cổ điển cung đình – triết lý nhân sinh – thẩm mỹ Á Đông.\n\nKích thước: (Cần được bổ sung kích thước cụ thể của tranh).\n\n2. Đặc điểm nổi bật\nPhong cách thiết kế:\nMang hơi hướng tranh đại tự, hoành phi, nhấn mạnh sự trang trọng và chiều sâu triết lý đạo đức.\n\nKhung tranh được đục kênh bong hoa văn triện cổ hoặc hoa văn Tứ Quý, tạo thế vững chãi và trang nghiêm.\n\nMàu sơn: Phối giữa sơn nâu son – đen huyền và nền đỏ thẫm, tôn lên chữ Đức vàng thếp, tạo cảm giác cổ kính và sâu lắng.\n\nQuy trình chế tác:\nChạm khắc nổi chữ Đức thư pháp và hoa văn khung thủ công – đòi hỏi độ chính xác và kinh nghiệm cao.\n\nSơn mài giả cổ, lớp vân bong tự nhiên ở viền khung và bề mặt nền tranh – tạo hiệu ứng thời gian, mô phỏng sự lắng đọng và tích lũy qua năm tháng.\n\nChữ Đức được thếp vàng thủ công, mang lại độ sáng nhưng vẫn giữ được vẻ trầm mặc và trang nghiêm.\n\nNguồn cảm hứng thiết kế:\nLấy cảm hứng từ các bức tranh mang triết lý tu thân, nhắc nhở về đạo lý làm người và sự hành thiện.\n\nBiến thể hiện đại để ứng dụng linh hoạt trong phòng khách, phòng làm việc, hay phòng thờ, nhưng vẫn giữ hồn cốt truyền thống.\n\n3. Giá trị cảm xúc và phong thủy\nÝ nghĩa phong thủy – tâm linh:\nChữ Đức là nền tảng của mọi giá trị, tượng trưng cho sự tu dưỡng, hành thiện, tích phúc.\n\nĐặt tranh ở nơi trang trọng giúp nhắc nhở về nếp sống đạo đức, mang lại sự chính trực, vững vàng và là phúc phần truyền đời cho con cháu.\n\nGiá trị văn hóa – nghệ thuật:\nLà biểu tượng của triết lý sống cao quý, thể hiện sự am hiểu và đề cao giá trị tinh thần và gia phong của chủ nhân.\n\nKhơi gợi cảm giác về một không gian tôn kính, nơi các giá trị cốt lõi được bảo tồn và nhắc nhở.\n\nCảm xúc khơi gợi:\nGợi nên cảm giác trân quý – thanh tịnh – truyền đời và sự tự hào về gia phong có đạo lý.\n\nKhi chiêm ngưỡng tranh, người dùng như đang bước vào một không gian chiêm nghiệm về lẽ sống.\n\n4. Yếu tố giới hạn – độc bản\nSản xuất thủ công – giới hạn mẫu, không đại trà, đảm bảo độ hiếm.\n\nMỗi bức tranh có họa tiết vân mài – nước sơn riêng biệt, tạo dấu ấn cá nhân và giá trị sưu tầm cao.\n\n5. Câu chuyện thương hiệu\nNguồn gốc sản xuất: Chế tác tại làng nghề sơn mài Hạ Thái, nơi nổi tiếng với kỹ thuật làm sơn ta, mài cổ, kỹ thuật sơn mài giả cổ thất truyền.\n\nĐiểm khác biệt thương hiệu: Tranh chữ Đức tại Chạm Vân không chỉ là vật trang trí, mà là một phần của văn hóa đạo lý – triết lý sống – nghệ thuật sống truyền thống. Đây là một tài sản văn hóa giao thoa giữa mỹ học xưa và ứng dụng đương đại.','https://scontent.fhan17-1.fna.fbcdn.net/v/t39.30808-6/577594054_122203688468284018_4229220186191253370_n.jpg?_nc_cat=107&ccb=1-7&_nc_sid=833d8c&_nc_ohc=Gc_TcpEJGhIQ7kNvwECd3yz&_nc_oc=Adnv-zRRWXozgdEEdoM0U730vVNYNjyorj1y9As7-5rx4CFvcubIiAr4IMQASOnB-tI&_nc_zt=23&_nc_ht=scontent.fhan17-1.fna&_nc_gid=72Q3nHERYsbFUH55aEiF1w&oh=00_AfnwmCZ9ABRBUJre4GyGrvCjCsF59dYM-SeyGdV0kffV6g&oe=693EF1E8'),(34,'Bộ Tranh Chữ Tâm - Phúc - Đức Sơn Mài Giả Cổ','b-tranh-ch-tm---phc---c-sn-mi-gi-c',6500000.00,NULL,0,'open',0,'2025-12-10 10:18:35.025904','2025-12-10 10:18:35.025904','1. Thông tin cơ bản\nTên sản phẩm: Bộ Tranh Chữ Tâm - Phúc - Đức Sơn Mài Giả Cổ\nChất liệu: Gỗ tự nhiên kết hợp gỗ MDF, phủ sơn son thếp vàng, kết hợp sơn mài giả cổ.\nPhong cách: Cổ điển cung đình – Triết lý nhân sinh – Thẩm mỹ Á Đông.\n\n2. Đặc điểm nổi bật\nPhong cách thiết kế:\nBộ tranh mang hơi hướng tranh đại tự, hoành phi, tạo sự trang trọng tuyệt đối khi đặt cùng nhau.\n\nKhung tranh được đục kênh bong hoa văn triện cổ hoặc hoa văn truyền thống, tạo thế vững chãi và trang nghiêm.\n\nMàu sơn: Phối giữa sơn nâu son – đen huyền và nền đỏ thẫm, làm nổi bật ba chữ Tâm - Phúc - Đức vàng thếp, gợi cảm giác cổ kính và sâu lắng.\n\nQuy trình chế tác:\nChạm khắc nổi chữ thư pháp và hoa văn khung thủ công – đòi hỏi sự chính xác và kinh nghiệm cao.\n\nSơn mài giả cổ đỉnh cao, lớp vân bong tự nhiên ở viền khung và bề mặt nền tranh – mô phỏng sự lắng đọng và tích lũy qua năm tháng.\n\nCả ba chữ đều được thếp vàng thủ công, giữ được vẻ trầm mặc và linh thiêng cần có.\n\nNguồn cảm hứng thiết kế:\nLấy cảm hứng từ bộ Tam Bảo (Phúc, Lộc, Thọ) và Triết lý sống Á Đông (Tâm làm gốc, Đức sinh Phúc).\n\nBiến thể hiện đại để ứng dụng linh hoạt trong không gian sinh hoạt, phòng làm việc, nhưng vẫn giữ hồn cốt truyền thống và chiều sâu triết lý.\n\n3. Giá trị cảm xúc và phong thủy\nÝ nghĩa phong thủy – tâm linh:\nBộ Tâm - Phúc - Đức tượng trưng cho nền tảng cốt lõi của con người: Tâm là gốc, Đức là nền tảng, và Phúc là kết quả viên mãn.\n\nĐặt bộ tranh ở nơi trang trọng mang lại sự vững vàng nội tâm, thu hút vượng khí, tài lộc và củng cố phúc phần truyền đời cho gia tộc.\n\nGiá trị văn hóa – nghệ thuật:\nLà biểu tượng của triết lý sống cao quý và gia phong có đạo lý.\n\nThể hiện sự am hiểu và đề cao giá trị tinh thần và nghệ thuật sống của chủ nhân, tạo ra một không gian tôn kính và thanh tịnh.\n\nCảm xúc khơi gợi:\nGợi nên cảm giác trân quý – thanh tịnh – truyền đời và sự tự hào về gia phong có đạo lý.\n\nKhi chiêm ngưỡng bộ tranh, người dùng như đang bước vào một không gian chiêm nghiệm về lẽ sống và sự tu dưỡng.\n\n4. Yếu tố giới hạn – độc bản\nSản xuất thủ công – giới hạn mẫu, không đại trà, đảm bảo độ hiếm.\n\nMỗi bức tranh trong bộ đều có họa tiết vân mài – nước sơn riêng biệt, tạo dấu ấn cá nhân và giá trị sưu tầm cao.\n\n5. Câu chuyện thương hiệu\nNguồn gốc sản xuất: Chế tác tại làng nghề sơn mài Hạ Thái, nơi nổi tiếng với kỹ thuật làm sơn ta, mài cổ, kỹ thuật sơn mài giả cổ thất truyền.\n\nĐiểm khác biệt thương hiệu: Bộ tranh tại Chạm Vân không chỉ là vật trang trí, mà là hệ thống triết lý sống và văn hóa đạo lý được thể hiện qua nghệ thuật. Đây là một tài sản văn hóa giao thoa giữa mỹ học xưa và ứng dụng đương đại.','https://scontent.fhan17-1.fna.fbcdn.net/v/t39.30808-6/576637261_122203688522284018_112159415709531072_n.jpg?_nc_cat=103&ccb=1-7&_nc_sid=833d8c&_nc_ohc=Dd31xZqNKH4Q7kNvwFoglXG&_nc_oc=AdmZkJSbZvystdjtHhEJuFo2wjkzUDZEDn9CyLJlGhIZPHt9BA6z1vcgDIhzJ3s9ink&_nc_zt=23&_nc_ht=scontent.fhan17-1.fna&_nc_gid=uXZ21KxCk2mQV2T56dTAyg&oh=00_Afl5Pe2OeVMc1bU7zJ-4uh6D6SS1kS40kKAfmetnNZ7g2w&oe=693F1538'),(35,'Sen Gỗ Sơn Mài Giả Cổ - Size lá 22cm','sen-g-sn-mi-gi-c---size-l-22cm',1900000.00,'CHAMVAN-DECOR-SENGO-1BO',0,'open',0,'2025-12-10 10:21:58.985142','2025-12-10 10:21:58.985142','Sen Sơn Mài Giả Cổ – Sưu tầm giới hạn từ Chạm Vân - Cổ Mộc Tiệm\n\nChạm Vân - Cổ Mộc Tiệm hân hạnh ra mắt bộ sưu tập Sen Sơn Mài Giả Cổ – tác phẩm thủ công đỉnh cao dành cho những tâm hồn yêu nghệ thuật thuần Việt.\n\nMỗi sản phẩm được chế tác thủ công 100% từ gỗ mít già tự nhiên – loại gỗ quý với độ bền cao, vân gỗ mềm mịn, rất thích hợp cho kỹ thuật sơn mài truyền thống. Bộ sản phẩm gồm 15 chi tiết: hoa, lá, búp, gương... tất cả đều phủ nhiều lớp sơn mài giả cổ độc quyền, tạo nên sắc trầm cổ kính, bề mặt nứt tự nhiên như dấu ấn thời gian.\n\nSản phẩm trải qua hơn 22 công đoạn chế tác, do chính đội ngũ nghệ nhân Chạm Vân với hơn 30 năm kinh nghiệm thực hiện. Mỗi chi tiết được chăm chút kỹ lưỡng bằng tay, đảm bảo tính độc bản tuyệt đối – không có sản phẩm thứ hai hoàn toàn giống nhau.\n\nGiá trị nổi bật:\n- Gỗ tự nhiên, được xử lý kỹ, thân thiện với môi trường.\n- Sơn mài giả cổ thủ công, tạo vẻ đẹp xưa cũ, trầm mặc.\n- Sản xuất giới hạn, mỗi tác phẩm là một bản thể duy nhất.\n- Ý nghĩa phong thủy sâu sắc: an nhiên, khai sáng trí tuệ, chiêu tài tụ lộc.\n\nSen Sơn Mài Giả Cổ không chỉ là món trang trí nghệ thuật cao cấp, mà còn là biểu tượng của phong cách sống tinh tế và chiều sâu văn hóa.\n\nSố lượng cực kỳ giới hạn. Đặt ngay hôm nay để sở hữu một phần di sản văn hóa Việt trong không gian sống của riêng mình.','https://scontent.fhan17-1.fna.fbcdn.net/v/t39.30808-6/469581129_122153488040284018_5772717161558036800_n.jpg?_nc_cat=102&ccb=1-7&_nc_sid=127cfc&_nc_ohc=VgIvf8q06YQQ7kNvwFuAwH2&_nc_oc=AdnlQqnGGIa_truDHW-Ddh7FcyCFhit4frRBKdOx6dZgTW2LUUaLIzt3oFM_Kur1LR8&_nc_zt=23&_nc_ht=scontent.fhan17-1.fna&_nc_gid=_0jqIEUxkn8dK1jhsxcOkQ&oh=00_AfkG-XOb6xfHKpgAEaBrHeOHAwqpnwLInrw3MmD0Sl8qTQ&oe=693F047F'),(36,'Tượng Phật Diện Sơn Mài Giả Cổ','tng-pht-din-sn-mi-gi-c',1500000.00,'CHAMVAN-DECOR-PHATDIEN-1CAI',0,'open',0,'2025-12-10 10:24:40.583108','2025-12-10 10:24:40.583108','1. Thông tin cơ bản\nTên sản phẩm: Tượng Phật Diện\nChất liệu: Gỗ tự nhiên, sơn son thếp vàng, sơn mài giả cổ\nPhong cách: Nghệ thuật Phật giáo – cổ truyền Việt Nam\n\n2. Đặc điểm nổi bật\nPhong cách thiết kế:\nPhần đầu Phật khắc tỉ mỉ, ngũ quan cân đối, tóc xoắn ốc, chỏm Usnisa nổi cao đặc trưng nhà Phật. Màu đen huyền tương phản nổi bật với sắc vàng son.\n\nQuy trình chế tác:\nĐược làm thủ công hoàn toàn từ gỗ tự nhiên, trải qua nhiều công đoạn: tạo hình, mài nhẵn, thếp vàng, lên nước son, vẽ chi tiết, phủ sơn mài và xử lý giả cổ bằng kỹ thuật vân da báo truyền thống.\n\nNguồn cảm hứng thiết kế:\nLấy hình tượng Đức Phật Thích Ca – biểu trưng cho trí tuệ và giác ngộ, thể hiện qua nét mặt an nhiên, nhắm mắt thiền định.\n\n3. Giá trị cảm xúc và phong thủy\nÝ nghĩa phong thủy/tâm linh:\nTượng Phật Diện mang năng lượng an tịnh, giúp trấn tâm – an gia – khai tuệ. Đặt tại bàn trà, kệ sách, thiền thất hay phòng làm việc giúp nhắc nhở sống chánh niệm, từ bi và trí tuệ.\n\nGiá trị văn hóa – nghệ thuật:\nLà sự giao thoa tinh tế giữa mỹ thuật Phật giáo phương Đông và kỹ nghệ sơn mài giả cổ thuần Việt.\n\nCảm xúc khơi gợi:\nThanh tịnh – sáng suốt – sâu lắng\n\n4. Yếu tố giới hạn – độc bản\nSố lượng sản xuất: Giới hạn mẫu nhỏ\n\nĐộ hiếm: Mỗi tượng có sắc độ vàng – vân sơn – chi tiết mặt khác nhau do làm thủ công\n\n5. Câu chuyện thương hiệu\nNguồn gốc sản xuất:\nLàng nghề sơn mài Hạ Thái – nơi lưu giữ kỹ thuật thếp vàng – sơn mài truyền thống hàng trăm năm.\n\nĐiểm khác biệt thương hiệu:\nKết hợp hình tượng Phật giáo phương Đông với nghệ thuật giả cổ Việt, mang tới sản phẩm trưng bày có chiều sâu thiền định và giá trị sưu tầm.','https://scontent.fhan17-1.fna.fbcdn.net/v/t39.30808-6/506886967_122182465418284018_529212491549205706_n.jpg?_nc_cat=110&ccb=1-7&_nc_sid=833d8c&_nc_ohc=QaacXgQVSEAQ7kNvwGjXHwt&_nc_oc=Adn_fPPOVfLG0aXbyye0vPOH4vPPLzTHy_9W0Cq9v01jP7TjqkDAXGgv36-tVJ9fR40&_nc_zt=23&_nc_ht=scontent.fhan17-1.fna&_nc_gid=SEgMsA3rc9qBI3-hLD-95Q&oh=00_AfmWN0W7oAWC7aGGKEfR1wjJLEuG_KC3ErB-RND35NxTOA&oe=693F1F38');
/*!40000 ALTER TABLE `products` ENABLE KEYS */;
UNLOCK TABLES;

--
-- Table structure for table `return_requests`
--

DROP TABLE IF EXISTS `return_requests`;
/*!40101 SET @saved_cs_client     = @@character_set_client */;
/*!50503 SET character_set_client = utf8mb4 */;
CREATE TABLE `return_requests` (
  `id` int(11) NOT NULL AUTO_INCREMENT,
  `user_id` int(11) NOT NULL,
  `order_code` varchar(50) NOT NULL,
  `reason` text NOT NULL,
  `status` enum('pending','in_review','approved','rejected','refunded') NOT NULL DEFAULT 'pending',
  `created_at` datetime(6) NOT NULL DEFAULT current_timestamp(6),
  `updated_at` datetime(6) NOT NULL DEFAULT current_timestamp(6) ON UPDATE current_timestamp(6),
  PRIMARY KEY (`id`),
  KEY `idx_return_user` (`user_id`),
  KEY `idx_return_order` (`order_code`),
  KEY `idx_return_status` (`status`)
) ENGINE=InnoDB DEFAULT CHARSET=utf8mb4 COLLATE=utf8mb4_unicode_ci;
/*!40101 SET character_set_client = @saved_cs_client */;

--
-- Dumping data for table `return_requests`
--

LOCK TABLES `return_requests` WRITE;
/*!40000 ALTER TABLE `return_requests` DISABLE KEYS */;
/*!40000 ALTER TABLE `return_requests` ENABLE KEYS */;
UNLOCK TABLES;

--
-- Table structure for table `telegram_config`
--

DROP TABLE IF EXISTS `telegram_config`;
/*!40101 SET @saved_cs_client     = @@character_set_client */;
/*!50503 SET character_set_client = utf8mb4 */;
CREATE TABLE `telegram_config` (
  `id` int(11) NOT NULL AUTO_INCREMENT,
  `bot_token` varchar(128) DEFAULT NULL,
  `created_at` datetime(6) NOT NULL DEFAULT current_timestamp(6),
  `updated_at` datetime(6) NOT NULL DEFAULT current_timestamp(6) ON UPDATE current_timestamp(6),
  PRIMARY KEY (`id`)
) ENGINE=InnoDB AUTO_INCREMENT=2 DEFAULT CHARSET=utf8mb4 COLLATE=utf8mb4_general_ci;
/*!40101 SET character_set_client = @saved_cs_client */;

--
-- Dumping data for table `telegram_config`
--

LOCK TABLES `telegram_config` WRITE;
/*!40000 ALTER TABLE `telegram_config` DISABLE KEYS */;
INSERT INTO `telegram_config` VALUES (1,'8278078866:AAGYdYpdiGQRIoOa64BAoxo-QiScH4hUFO8','2025-11-03 17:43:49.431002','2025-11-03 17:43:49.445305');
/*!40000 ALTER TABLE `telegram_config` ENABLE KEYS */;
UNLOCK TABLES;

--
-- Table structure for table `telegram_recipients`
--

DROP TABLE IF EXISTS `telegram_recipients`;
/*!40101 SET @saved_cs_client     = @@character_set_client */;
/*!50503 SET character_set_client = utf8mb4 */;
CREATE TABLE `telegram_recipients` (
  `id` int(11) NOT NULL AUTO_INCREMENT,
  `chat_id` bigint(20) NOT NULL,
  `display_name` varchar(128) DEFAULT NULL,
  `is_active` tinyint(1) NOT NULL DEFAULT 1,
  `created_at` datetime(6) NOT NULL DEFAULT current_timestamp(6),
  `updated_at` datetime(6) NOT NULL DEFAULT current_timestamp(6) ON UPDATE current_timestamp(6),
  PRIMARY KEY (`id`),
  UNIQUE KEY `IDX_a12980352de0bf87cf1396ef54` (`chat_id`)
) ENGINE=InnoDB AUTO_INCREMENT=2 DEFAULT CHARSET=utf8mb4 COLLATE=utf8mb4_general_ci;
/*!40101 SET character_set_client = @saved_cs_client */;

--
-- Dumping data for table `telegram_recipients`
--

LOCK TABLES `telegram_recipients` WRITE;
/*!40000 ALTER TABLE `telegram_recipients` DISABLE KEYS */;
INSERT INTO `telegram_recipients` VALUES (1,6064669684,'Phap',1,'2025-11-03 17:43:49.490022','2025-11-03 17:43:49.500332');
/*!40000 ALTER TABLE `telegram_recipients` ENABLE KEYS */;
UNLOCK TABLES;

--
-- Table structure for table `telegram_templates`
--

DROP TABLE IF EXISTS `telegram_templates`;
/*!40101 SET @saved_cs_client     = @@character_set_client */;
/*!50503 SET character_set_client = utf8mb4 */;
CREATE TABLE `telegram_templates` (
  `id` int(11) NOT NULL AUTO_INCREMENT,
  `key` varchar(64) NOT NULL,
  `content` text NOT NULL,
  `created_at` datetime(6) NOT NULL DEFAULT current_timestamp(6),
  `updated_at` datetime(6) NOT NULL DEFAULT current_timestamp(6) ON UPDATE current_timestamp(6),
  PRIMARY KEY (`id`),
  UNIQUE KEY `IDX_f72036d9f628dcdd0f31d94f7f` (`key`)
) ENGINE=InnoDB AUTO_INCREMENT=4 DEFAULT CHARSET=utf8mb4 COLLATE=utf8mb4_general_ci;
/*!40101 SET character_set_client = @saved_cs_client */;

--
-- Dumping data for table `telegram_templates`
--

LOCK TABLES `telegram_templates` WRITE;
/*!40000 ALTER TABLE `telegram_templates` DISABLE KEYS */;
INSERT INTO `telegram_templates` VALUES (1,'ORDER_SUCCESS','🛒 ĐƠN HÀNG MỚI — CHỜ DUYỆT\n• Mã: {{code}}\n• Khách: {{customer}}\n• Tổng: {{total}}₫\n• Sản phẩm: {{items}}\n• Thời gian: {{time}}\n• Link: {{link}}','2025-11-03 17:43:49.521714','2025-11-03 17:43:49.534186');
/*!40000 ALTER TABLE `telegram_templates` ENABLE KEYS */;
UNLOCK TABLES;

--
-- Table structure for table `users`
--

DROP TABLE IF EXISTS `users`;
/*!40101 SET @saved_cs_client     = @@character_set_client */;
/*!50503 SET character_set_client = utf8mb4 */;
CREATE TABLE `users` (
  `id` varchar(36) NOT NULL,
  `full_name` varchar(255) DEFAULT NULL,
  `email` varchar(255) NOT NULL,
  `password` varchar(255) NOT NULL,
  `phone` varchar(255) DEFAULT NULL,
  `dob` date DEFAULT NULL,
  `role` enum('admin','user') NOT NULL DEFAULT 'user',
  `created_at` datetime(6) NOT NULL DEFAULT current_timestamp(6),
  `updated_at` datetime(6) NOT NULL DEFAULT current_timestamp(6) ON UPDATE current_timestamp(6),
  `token_version` int(11) NOT NULL DEFAULT 0,
  PRIMARY KEY (`id`),
  UNIQUE KEY `IDX_97672ac88f789774dd47f7c8be` (`email`)
) ENGINE=InnoDB DEFAULT CHARSET=utf8mb4 COLLATE=utf8mb4_unicode_ci;
/*!40101 SET character_set_client = @saved_cs_client */;

--
-- Dumping data for table `users`
--

LOCK TABLES `users` WRITE;
/*!40000 ALTER TABLE `users` DISABLE KEYS */;
INSERT INTO `users` VALUES ('008e26c8-c456-11f0-88c4-1a8e7296ae2e','Admin Chamvan','chamvan@gmail.com','$2b$10$cR/1ywKV4.wdM7FjZi24M.dYul7b6xzw//LbYsyGXQXd0WMJ.QEy.',NULL,NULL,'admin','2025-11-18 08:10:10.401155','2025-11-18 08:10:10.401155',0),('17900835-3bd7-4943-8693-9c67aa4ff9fa','hà văn a','khachhang2@gmail.com','$2b$10$d2fmnHMwVvi45a.S1PWnv.JiFNLQX8pqxjuvjV.F6rFpilP6rHHBK',NULL,NULL,'user','2025-11-03 15:08:48.191160','2025-11-03 15:40:56.000000',1),('4b306c24-06fa-493e-b6aa-51f35c62b0a2','test','phap.lv1106@gmail.com','$2b$10$xB447ZZOiJGqxfpRBtO3i.pgseRL4dZu1U4dVk18FkWboLSUDFrCa',NULL,NULL,'user','2025-11-05 14:20:40.830263','2025-11-11 18:07:50.000000',0),('87aa851f-56fd-4e18-9162-d44579efb801','admin','admin@gmail.com','$2b$10$UBhdryptje.XCjdJ.F4MEuaFWMOf6lKG2UhV9Y.b9s3twLvtVngYK',NULL,NULL,'admin','2025-10-31 14:20:44.505269','2025-10-31 14:21:11.973725',0),('9ca2ad1d-b0b4-4d26-9b04-48550726b297','Cao Huy','khachhang1@gmail.com','$2b$10$L/sLkIwlPBjot49Q8VZQne8RWWY3H6SqDYYBtZ4Jq6hQJLOxavLyG','0898988765',NULL,'user','2025-10-31 14:19:48.748840','2025-10-31 14:19:48.748840',0);
/*!40000 ALTER TABLE `users` ENABLE KEYS */;
UNLOCK TABLES;
/*!40103 SET TIME_ZONE=@OLD_TIME_ZONE */;

/*!40101 SET SQL_MODE=@OLD_SQL_MODE */;
/*!40014 SET FOREIGN_KEY_CHECKS=@OLD_FOREIGN_KEY_CHECKS */;
/*!40014 SET UNIQUE_CHECKS=@OLD_UNIQUE_CHECKS */;
/*!40101 SET CHARACTER_SET_CLIENT=@OLD_CHARACTER_SET_CLIENT */;
/*!40101 SET CHARACTER_SET_RESULTS=@OLD_CHARACTER_SET_RESULTS */;
/*!40101 SET COLLATION_CONNECTION=@OLD_COLLATION_CONNECTION */;
/*!40111 SET SQL_NOTES=@OLD_SQL_NOTES */;

-- Dump completed on 2025-12-11  9:49:27
